BranchID,Name,review,aspect,sentiment
113,Unknown,The services are quite slow. Staff has lack of energy and enthusiasm for work. They need to work in satisfying their customers... Got the same services for couple of times..,services,negative
113,Unknown,The services are quite slow. Staff has lack of energy and enthusiasm for work. They need to work in satisfying their customers... Got the same services for couple of times..,staff,negative
113,Unknown,The services are quite slow. Staff has lack of energy and enthusiasm for work. They need to work in satisfying their customers... Got the same services for couple of times..,services,negative
113,Unknown,They provide worst services possible. I am paying for their mistake since 6 months. They added incorrect CNIC   in their system & I am unable to perform bio metric verification. I have to go their every month & they only claim that this ,services,negative
113,Unknown,Service quality is person dependent. Some staff is very helpful and some barely facilitate. Any visit or phone call is like a roll of dice,staff,neutral
113,Unknown,"Staff needs training for basic customer relation.
Landline is not attended.",staff,neutral
113,Unknown,A neat & clean branch of Meezan Bank with good and helpful staff.,branch,positive
113,Unknown,A neat & clean branch of Meezan Bank with good and helpful staff.,bank,positive
113,Unknown,A neat & clean branch of Meezan Bank with good and helpful staff.,staff,positive
113,Unknown,Nice services... Both male and female representatives available for clients of both genders...,services,neutral
113,Unknown,Visited many times Staff is very helpful nice environment.,staff,positive
113,Unknown,Excellent services and staff,services,positive
113,Unknown,Excellent services and staff,staff,positive
113,Unknown,Staff is very helpful and nice,staff,positive
113,Unknown,Its meezan bank ayesha manzil branch,branch,neutral
113,Unknown,Fast service,service,neutral
113,Unknown,There are no phone of branch,branch,neutral
113,Unknown,Great service,service,positive
113,Unknown,Good Services,services,positive
113,Unknown,Batter branch,branch,neutral
113,Unknown,Poor service and no facility for customers in branch. How are the notes given in the ATM and when a complaint is made they are behaving rudely.,service,negative
113,Unknown,Poor service and no facility for customers in branch. How are the notes given in the ATM and when a complaint is made they are behaving rudely.,branch,negative
113,Unknown,Poor service and no facility for customers in branch. How are the notes given in the ATM and when a complaint is made they are behaving rudely.,atm,negative
