BranchID,Name,review,aspect,sentiment
121,Unknown,There is no CDM in the branch which communicated by the call center agent,branch,neutral
121,Unknown,"Good number of staff but unfortunately
Parking isn't there. Plan your journey",staff,neutral
121,Unknown,Bast bank Bast branch very humble abd cooperative staff,branch,neutral
121,Unknown,Bast bank Bast branch very humble abd cooperative staff,staff,neutral
121,Unknown,Very Nice Bank With Good Behaviour Staff Mostly I Go Block H Branch.,staff,positive
121,Unknown,Very Nice Bank With Good Behaviour Staff Mostly I Go Block H Branch.,branch,positive
121,Unknown,The atm is very danger of this place as i got snatched inside atm. Dont try to use this atm.,atm,negative
121,Unknown,The atm is very danger of this place as i got snatched inside atm. Dont try to use this atm.,atm,negative
121,Unknown,The atm is very danger of this place as i got snatched inside atm. Dont try to use this atm.,atm,negative
121,Unknown,A good satisfying branch from meezan bank,branch,neutral
121,Unknown,A good satisfying branch from meezan bank,bank,neutral
121,Unknown,Friendly staff try to cater to your needs to the best of their abilities.,staff,neutral
121,Unknown,Slow service but still better than most other banks,service,positive
121,Unknown,Good Branch to open an account,branch,neutral
121,Unknown,Good Branch to open an account,account,neutral
121,Unknown,Meezan Bank Yaseen Malik road,bank,neutral
121,Unknown,Best Islamic Bank of Pakistan,bank,neutral
121,Unknown,ATM,atm,neutral
121,Unknown,Best Bank,bank,neutral
121,Unknown,Best services,services,neutral
