BranchID,Name,review,aspect,sentiment
112,Unknown,I would not write negative remarks but unsatisfied with the service of this branch. it should be improved.,service,positive
112,Unknown,I would not write negative remarks but unsatisfied with the service of this branch. it should be improved.,branch,positive
112,Unknown,The staff of this branch is so arrogant they don't know how to deal with customer professionally they always misbehaved with their clients they think that they are the owner of this bank,staff,neutral
112,Unknown,The staff of this branch is so arrogant they don't know how to deal with customer professionally they always misbehaved with their clients they think that they are the owner of this bank,branch,neutral
112,Unknown,The staff of this branch is so arrogant they don't know how to deal with customer professionally they always misbehaved with their clients they think that they are the owner of this bank,customer,neutral
112,Unknown,The staff of this branch is so arrogant they don't know how to deal with customer professionally they always misbehaved with their clients they think that they are the owner of this bank,bank,neutral
112,Unknown,Staff very ill mannered ATM always found closed Security guards are on gate to Make you  feel uncomfortable.,staff,negative
112,Unknown,Staff very ill mannered ATM always found closed Security guards are on gate to Make you  feel uncomfortable.,atm,negative
112,Unknown,Ms saima service is very good I m very impressed,service,positive
112,Unknown,Cistomer service attitude and behaviour is really below par.,behaviour,negative
112,Unknown,Staff is professional and service is very good,staff,positive
112,Unknown,Staff is professional and service is very good,service,positive
112,Unknown,Banking staff is good. Good services.,staff,positive
112,Unknown,Banking staff is good. Good services.,services,positive
112,Unknown,Great & Cooperative Staff,staff,neutral
112,Unknown,Best service providing branch,service,positive
112,Unknown,Best service providing branch,branch,positive
112,Unknown,Leading Islamic bank in Pakistan,bank,neutral
112,Unknown,Best in service,service,positive
112,Unknown,Pathetic service.,service,neutral
112,Unknown,Excellent service,service,positive
112,Unknown,There is a very hungry place in this branch.,branch,neutral
