BranchID,Name,review,aspect,sentiment
101,Unknown,I have an account at 3 banks but Meezan Bank services are very good with helpful staff and never had any issues in respect of using their banking services.,account,positive
101,Unknown,I have an account at 3 banks but Meezan Bank services are very good with helpful staff and never had any issues in respect of using their banking services.,services,positive
101,Unknown,I have an account at 3 banks but Meezan Bank services are very good with helpful staff and never had any issues in respect of using their banking services.,staff,positive
101,Unknown,I have an account at 3 banks but Meezan Bank services are very good with helpful staff and never had any issues in respect of using their banking services.,services,positive
101,Unknown,Very slow service if you going to submit a utility bill better to stay off there service is so slow it's my second time i came here and just for a simple voucher it's taking them 30 40 min minimum. All and all very slow staff and service.,service,negative
101,Unknown,Very slow service if you going to submit a utility bill better to stay off there service is so slow it's my second time i came here and just for a simple voucher it's taking them 30 40 min minimum. All and all very slow staff and service.,service,negative
101,Unknown,All things are going good with this branch but whenever I use the ATM machine the fast cash button isn't working....kindly change the machine as I always need to take the salary every month from this branch by ATM.,branch,positive
101,Unknown,All things are going good with this branch but whenever I use the ATM machine the fast cash button isn't working....kindly change the machine as I always need to take the salary every month from this branch by ATM.,branch,positive
101,Unknown,All things are going good with this branch but whenever I use the ATM machine the fast cash button isn't working....kindly change the machine as I always need to take the salary every month from this branch by ATM.,atm,positive
101,Unknown,Pathetic Goof staff... unsuitable behavior avoid this branch,staff,negative
101,Unknown,Pathetic Goof staff... unsuitable behavior avoid this branch,branch,negative
101,Unknown,I have an account at Meezan Bank and their customer services are very good with helpful staff and never had any issues in respect of using their banking services.,account,positive
101,Unknown,I have an account at Meezan Bank and their customer services are very good with helpful staff and never had any issues in respect of using their banking services.,bank,positive
101,Unknown,I have an account at Meezan Bank and their customer services are very good with helpful staff and never had any issues in respect of using their banking services.,services,positive
101,Unknown,I have an account at Meezan Bank and their customer services are very good with helpful staff and never had any issues in respect of using their banking services.,staff,positive
101,Unknown,I have an account at Meezan Bank and their customer services are very good with helpful staff and never had any issues in respect of using their banking services.,services,positive
101,Unknown,A discasting branch :( the cashier shaukat ali sO irritating :(,branch,neutral
101,Unknown,Not good but average bank,bank,neutral
101,Unknown,Most of the time ATM is not working,atm,neutral
101,Unknown,Next to meezan bank at PC Land,bank,neutral
101,Unknown,Worst branch,branch,neutral
101,Unknown,Excellent Bank,bank,positive
101,Unknown,Normal bank,bank,neutral
101,Unknown,Excellent Branch,branch,positive
101,Unknown,Lol branch,branch,neutral
