BranchID,Name,review,aspect,sentiment
167,Unknown,Worst branch Experience i am a MBL Account holder but dont see any proper Management . A lot of people are coming asking about staff with names to get there number First or in any other quiries.,staff,neutral
167,Unknown,Worse place most lazy ppl work here no service at all,service,neutral
167,Unknown,"Cash withdrawal and ATM used, good service provide to customers",atm,neutral
167,Unknown,Was good services.  Not crowded,services,negative
167,Unknown,The bank staff is short and very very slow,staff,negative
167,Unknown,The best bank in Pakistan,bank,positive
167,Unknown,Good service,service,positive
167,Unknown,Nice service.,service,positive
167,Unknown,Good services,services,positive
167,Unknown,I have an account in the same branch and due to an issue I am calling the helpline and they say call your branch then they are not picking up my call since a week I have been calling I think this whole day. They sleep with such a feeling,account,neutral
167,Unknown,I have an account in the same branch and due to an issue I am calling the helpline and they say call your branch then they are not picking up my call since a week I have been calling I think this whole day. They sleep with such a feeling,branch,neutral
167,Unknown,I have an account in the same branch and due to an issue I am calling the helpline and they say call your branch then they are not picking up my call since a week I have been calling I think this whole day. They sleep with such a feeling,branch,neutral
