BranchID,Name,review,aspect,sentiment
103,Unknown,"5 years agoVery bad experience! The staff unprofessional and rude, I went there 3 times with my brother to open an account but every time they gave us new requirements.",staff,negative
103,Unknown,"5 years agoVery bad experience! The staff unprofessional and rude, I went there 3 times with my brother to open an account but every time they gave us new requirements.",account,negative
103,Unknown,"7 years agoThe cashier should be experienced and be able to confirm the authenticity of the signature after matching with the specimen signature, rather than referring the cheque to the supervisor or getting the customer to sign again.",customer,positive
103,Unknown,8 years agoBest Islamic bank and give variety of solutions for your business and personal needs very good experience with them.,bank,positive
103,Unknown,7 months agoNon cooperative staff.,staff,neutral
103,Unknown,12 years agoMeezan bank mono tower branch has shifted to Khalid bin waleed road now.,branch,neutral
103,Unknown,7 years agoGood service at the branch.,service,neutral
103,Unknown,7 years agoGood service at the branch.,branch,neutral
103,Unknown,3 years agoGood staff.,staff,neutral
103,Unknown,5 years agoPerfect bank.,bank,neutral
