BranchID,Name,review,aspect,sentiment
108,Unknown,"Very bad experience!
The staff unprofessional and rude, I went there 3 times with my brother to open an account but every time they gave us new requirements, I told him that why you ",staff,negative
108,Unknown,"Very bad experience!
The staff unprofessional and rude, I went there 3 times with my brother to open an account but every time they gave us new requirements, I told him that why you ",account,negative
108,Unknown,The cashier should be experienced and be able to confirm the authenticity of the signature after matching with the specimen signature rather than referring the cheque to the supervisor or getting the customer to sign again.,customer,positive
108,Unknown,Best Islamic bank and give variety of solutions for your business and personal needs very good experience with them,bank,positive
108,Unknown,Non cooperative staff,staff,neutral
108,Unknown,Meezan bank mono tower branch has shifted to Khalid bin waleed road now,branch,neutral
108,Unknown,All Services ?? ,services,neutral
108,Unknown,Good service at the branch.,service,positive
108,Unknown,Good service at the branch.,branch,positive
108,Unknown,One of the best bank,bank,positive
108,Unknown,Good costumer services,services,positive
108,Unknown,Good staff,staff,positive
108,Unknown,Perfect bank,bank,neutral
