BranchID,Name,review,aspect,sentiment
114,Unknown,The branch is open Saturdays has ample parking is located in a very peaceful -- even pleasant -- setting and has an extraordinarily fine waiting area. When interacting with the staff,branch,neutral
114,Unknown,The branch is open Saturdays has ample parking is located in a very peaceful -- even pleasant -- setting and has an extraordinarily fine waiting area. When interacting with the staff,staff,neutral
114,Unknown,They got my work done and the staff was highly accommodating. Unfortunately some of Meezan bank's policies are not accommodating to its clients. For instance sending ATM Card renewals at home or sending the card to a nearby branch for easy ,staff,neutral
114,Unknown,They got my work done and the staff was highly accommodating. Unfortunately some of Meezan bank's policies are not accommodating to its clients. For instance sending ATM Card renewals at home or sending the card to a nearby branch for easy ,branch,neutral
114,Unknown,"Much better service than other public and private sector banks.
Hassle free cards that can be used around the world and online.
Staff know proper banking regulations better. ",service,positive
114,Unknown,"Much better service than other public and private sector banks.
Hassle free cards that can be used around the world and online.
Staff know proper banking regulations better. ",staff,positive
114,Unknown,A very decent staff and presentable sitting area for visitors. Very helpful ???? and professional team of Bank. ,staff,positive
114,Unknown,A very decent staff and presentable sitting area for visitors. Very helpful ???? and professional team of Bank. ,bank,positive
114,Unknown,good bank on the main road have good parking area,bank,positive
114,Unknown,Trying their best with their trainee staff,staff,neutral
114,Unknown,Good service,service,positive
114,Unknown,Excellent service,service,positive
114,Unknown,Newly Opened Bank,bank,neutral
