BranchID,Name,review,aspect,sentiment
105,Unknown,"This branch successfully wasted my 90 minutes to deposit 150000 cash only.
If someone wants to deposit 1 million cash in this branch, he should take his bed to stay there for 2 days.",branch,neutral
105,Unknown,"This branch successfully wasted my 90 minutes to deposit 150000 cash only.
If someone wants to deposit 1 million cash in this branch, he should take his bed to stay there for 2 days.",branch,neutral
105,Unknown,Requested for number change it is already 3 days still no update no one picks up phone in branch�worst service,service,neutral
105,Unknown,Successfully wasted my 40 minutes for Western Union remittance and then went to Sindh bank,bank,neutral
105,Unknown,"worst customer care in any bank I have ever seen.
I have went to the bank 4 times, last time actually was able to get attention after creating a fuss. And now its been almost a week and they have not been able to open one bank account.",bank,neutral
105,Unknown,"worst customer care in any bank I have ever seen.
I have went to the bank 4 times, last time actually was able to get attention after creating a fuss. And now its been almost a week and they have not been able to open one bank account.",account,neutral
105,Unknown,Poor customer service useless branch manager. Sifarishi staff including managers. No straight reply or quick and polite response from manager. They need to take some classes how they can deal with customer and actually what customer support is.,customer,negative
105,Unknown,Poor customer service useless branch manager. Sifarishi staff including managers. No straight reply or quick and polite response from manager. They need to take some classes how they can deal with customer and actually what customer support is.,support,negative
105,Unknown,One of the worst Customer service Even if we make list of worst customer services in banking Sector Meezan will win Topper award. Slowest tellers Slowest CSD OM USLESS,service,negative
105,Unknown,One of the worst Customer service Even if we make list of worst customer services in banking Sector Meezan will win Topper award. Slowest tellers Slowest CSD OM USLESS,services,negative
105,Unknown,wrost service in this branch  taking a long time . and mis behaviour with costumers,service,negative
105,Unknown,wrost service in this branch  taking a long time . and mis behaviour with costumers,branch,negative
105,Unknown,wrost service in this branch  taking a long time . and mis behaviour with costumers,behaviour,negative
105,Unknown,Worst experience... Poor customer service lack of knowledge this branch should be close useless branch manager,branch,negative
105,Unknown,Poor Customer Service this branch is not recommended.,service,neutral
105,Unknown,Poor Customer Service this branch is not recommended.,branch,neutral
105,Unknown,Located in the same building as the Bin Hashim super store so area is lively. Bank ATM has an average performance.,atm,neutral
105,Unknown,Safest ATM in the area. Branch staff is also well trained.,atm,positive
105,Unknown,Safest ATM in the area. Branch staff is also well trained.,staff,positive
105,Unknown,Please Update PTCL No Safoora Branch,branch,neutral
105,Unknown,For staff.,staff,neutral
105,Unknown,Very poor service I opened such an account for us then opened the account after a month or opened double accounts then said please close this account.....or both or after 3 months it has been gone no response no response to myself by improving...,account,negative
105,Unknown,Very poor service I opened such an account for us then opened the account after a month or opened double accounts then said please close this account.....or both or after 3 months it has been gone no response no response to myself by improving...,account,negative
105,Unknown,Worst banking experience ever.. go to some other branch where only your time will be wasted... sifarishi Do number staff hai here who never did any work.. branch manager is there.. no straight reply when wearing hat. balance,branch,neutral
