BranchID,Name,review,aspect,sentiment
123,Unknown,This Branch staff is Very Poor My Amount Is extra Stuck my amount Don't Return Long wait Time Very very stupid Staf This Bank????????I Recommend Don't use This Branch ,staff,negative
123,Unknown,This Branch staff is Very Poor My Amount Is extra Stuck my amount Don't Return Long wait Time Very very stupid Staf This Bank????????I Recommend Don't use This Branch ,branch,negative
123,Unknown,"This Meezan Bank's branch is worst about all means.
60 % staff is non cooperative.
Always long que for deposit, withdraw or billing. ",branch,neutral
123,Unknown,"This Meezan Bank's branch is worst about all means.
60 % staff is non cooperative.
Always long que for deposit, withdraw or billing. ",staff,neutral
123,Unknown,I have found it as the best bank in the whole society. The staff is great and the processes are smooth but they should work on increasing the staff because of huge number of customers.,bank,positive
123,Unknown,I have found it as the best bank in the whole society. The staff is great and the processes are smooth but they should work on increasing the staff because of huge number of customers.,staff,positive
123,Unknown,I have found it as the best bank in the whole society. The staff is great and the processes are smooth but they should work on increasing the staff because of huge number of customers.,staff,positive
123,Unknown,Meezan bank is the best bank of Pakistan.my account in Meezan bank last 8 year.During 8 year  no any tention feel in meezan bank service.,bank,neutral
123,Unknown,Meezan bank is the best bank of Pakistan.my account in Meezan bank last 8 year.During 8 year  no any tention feel in meezan bank service.,bank,neutral
123,Unknown,Meezan bank is the best bank of Pakistan.my account in Meezan bank last 8 year.During 8 year  no any tention feel in meezan bank service.,account,neutral
123,Unknown,Meezan bank is the best bank of Pakistan.my account in Meezan bank last 8 year.During 8 year  no any tention feel in meezan bank service.,bank,neutral
123,Unknown,Meezan bank is the best bank of Pakistan.my account in Meezan bank last 8 year.During 8 year  no any tention feel in meezan bank service.,service,neutral
123,Unknown,Coming to this meezan branch it's a waste of time waiting more than an hour. It should have more counters and speedy staff.,branch,neutral
123,Unknown,Coming to this meezan branch it's a waste of time waiting more than an hour. It should have more counters and speedy staff.,staff,neutral
123,Unknown,Neat & clean branch very supportive staff,staff,positive
123,Unknown,"All depends upon staff.
Till now I had not very good experience here.",staff,neutral
123,Unknown,Best Bank and staff very coperative,bank,positive
123,Unknown,Best Bank and staff very coperative,staff,positive
123,Unknown,Very good ATM services.,services,positive
123,Unknown,Indeed One of Best Bank in Pakistan,bank,neutral
123,Unknown,rude staff and bad service,staff,neutral
123,Unknown,rude staff and bad service,service,neutral
123,Unknown,Good and professional staff,staff,neutral
123,Unknown,Very very good staff,staff,positive
123,Unknown,Good Bank,bank,neutral
123,Unknown,Bank Branch,branch,neutral
