BranchID,Name,review,aspect,sentiment
104,Unknown,Having a very bad experience from Mezan bank sorry to say Mezan bank Management took action on their manager or staff. Mezan bank you hired a idiot in you bank you hired a educated uneducated person In bank..????,bank,negative
104,Unknown,Having a very bad experience from Mezan bank sorry to say Mezan bank Management took action on their manager or staff. Mezan bank you hired a idiot in you bank you hired a educated uneducated person In bank..????,bank,negative
104,Unknown,Having a very bad experience from Mezan bank sorry to say Mezan bank Management took action on their manager or staff. Mezan bank you hired a idiot in you bank you hired a educated uneducated person In bank..????,bank,negative
104,Unknown,Having a very bad experience from Mezan bank sorry to say Mezan bank Management took action on their manager or staff. Mezan bank you hired a idiot in you bank you hired a educated uneducated person In bank..????,bank,negative
104,Unknown,Bad behavior & dealing of manager & my bad experience in shamsi branch please don't go for remittances in this branch ke remittance ke liye blood relations zarori hai cash express ki amount receive hi banks hoti hai kehte hain currency.,branch,neutral
104,Unknown,Very bad and poor ATM services. This branch has two ATM machines. Maintenance staff closes both ATM booths simultaneously.,services,negative
104,Unknown,Very bad and poor ATM services. This branch has two ATM machines. Maintenance staff closes both ATM booths simultaneously.,branch,negative
104,Unknown,Very bad and poor ATM services. This branch has two ATM machines. Maintenance staff closes both ATM booths simultaneously.,staff,negative
104,Unknown,One of the worst branches of Meezan Bank.,bank,neutral
104,Unknown,Worst ever branch. Lazy workers. Highly unprofessional staff. Slow as hell.,staff,negative
104,Unknown,"Very cooperative and services are good. Sometimes ATM does not work, mostly due to overcrowding. However, the staff is very polite and cooperative.",staff,positive
104,Unknown,"Good staff, fast service. At least they have female staff, unlike Al-Habib.",service,neutral
104,Unknown,"Good staff, fast service. At least they have female staff, unlike Al-Habib.",staff,neutral
104,Unknown,Good services. The Premier Islamic Bank.,services,positive
104,Unknown,Good services. The Premier Islamic Bank.,bank,positive
104,Unknown,Most of the time ATM is either out of order or out of cash.,atm,neutral
104,Unknown,Near to Wireless Gate with nice services.,services,positive
104,Unknown,Nice bank near Wireless Gate.,bank,neutral
104,Unknown,Good service is here.,service,neutral
104,Unknown,Good service.,service,positive
104,Unknown,On road bank.,bank,neutral
104,Unknown,Excellent branch.,branch,positive
104,Unknown,Very good service. The staff is polite.,service,positive
104,Unknown,Very good service. The staff is polite.,staff,positive
