BranchID,Name,review,aspect,sentiment
115,Unknown,Very bad n slow service  all staff behaviour like  uneducated not professional,service,negative
115,Unknown,Very bad n slow service  all staff behaviour like  uneducated not professional,behaviour,negative
115,Unknown,"Amazing service ,cooperative staff .
Highly professional behaviour.",staff,neutral
115,Unknown,"Amazing service ,cooperative staff .
Highly professional behaviour.",behaviour,neutral
115,Unknown,Nice polite staff efficient service good to have an account here,service,positive
115,Unknown,Nice polite staff efficient service good to have an account here,account,positive
115,Unknown,"It's a good branch for meezan bank but it's with crowded specially around 2:30-5:00.
The staff is cooperative and overall service is good.",branch,positive
115,Unknown,"It's a good branch for meezan bank but it's with crowded specially around 2:30-5:00.
The staff is cooperative and overall service is good.",bank,positive
115,Unknown,"It's a good branch for meezan bank but it's with crowded specially around 2:30-5:00.
The staff is cooperative and overall service is good.",staff,positive
115,Unknown,"It's a good branch for meezan bank but it's with crowded specially around 2:30-5:00.
The staff is cooperative and overall service is good.",service,positive
115,Unknown,Very slow staff pathetic service,service,neutral
115,Unknown,Pathetic branch services Very slow won't open new account easily and gave you false explanations over that. ,services,negative
115,Unknown,Pathetic branch services Very slow won't open new account easily and gave you false explanations over that. ,account,negative
115,Unknown,Best branch ever !,branch,positive
115,Unknown,Nice bank along with good service.,bank,positive
115,Unknown,Nice bank along with good service.,service,positive
115,Unknown,Nice bank n service,service,neutral
115,Unknown,Excellent service,service,positive
115,Unknown,Excellent ?? service ,service,positive
