BranchID,Name,review,aspect,sentiment
158,Unknown,Top class bank in Pakistan,bank,neutral
158,Unknown,Just okay branch not very well,branch,negative
158,Unknown,Very co-operative staff and best bank,staff,neutral
158,Unknown,Very co-operative staff and best bank,bank,neutral
158,Unknown,My favourite bank in town,bank,neutral
158,Unknown,Meezan Bank the best Bank of Pakistan,bank,neutral
158,Unknown,Meezan Bank the best Bank of Pakistan,bank,neutral
158,Unknown,Good ATM service,service,positive
158,Unknown,Nice bank,bank,neutral
158,Unknown,Islamic Bank,bank,neutral
