BranchID,Name,review,aspect,sentiment
110,Unknown,I am giving a poor rating to the bank staff and management due to their consistently unprofessional service and lack of responsiveness. Long wait times and unhelpful answers have made my banking experience frustrating.,staff,negative
110,Unknown,I am giving a poor rating to the bank staff and management due to their consistently unprofessional service and lack of responsiveness. Long wait times and unhelpful answers have made my banking experience frustrating.,service,negative
110,Unknown,"I have very  old PKR and fc Acc.
For the last few months Very bad service. Many  staffs do not know their jobs properly.",service,negative
110,Unknown,"Poor performance!
My account is still blocked since 1st July as i had already submitted the renewd CNIC on UP more branch. Representatives on 111-331-331 has no time for even to look into the matterf more than 48 hours. Absolutely ridiculous.",account,negative
110,Unknown,"Best bank in the area. Curteous staff, especially the branch manager.
Also it has two ATM machines. But be careful while using them at night as chances of getting mugged are high",bank,neutral
110,Unknown,"Best bank in the area. Curteous staff, especially the branch manager.
Also it has two ATM machines. But be careful while using them at night as chances of getting mugged are high",staff,neutral
110,Unknown,Meezan bank is good in general but this branch is not up to the mark.,bank,positive
110,Unknown,Meezan bank is good in general but this branch is not up to the mark.,branch,positive
110,Unknown,Ridiculous slow service. Most staff masks hanging down. Use to be much better before.,service,positive
110,Unknown,"Poor staff
Disappointing
Irresponsible ",staff,negative
110,Unknown,Premium Islamic baking and also good in online banking services,services,positive
110,Unknown,This is very small branch of Mezan bank there is very poor services,branch,negative
110,Unknown,This is very small branch of Mezan bank there is very poor services,bank,negative
110,Unknown,This is very small branch of Mezan bank there is very poor services,services,negative
110,Unknown,Happy with their services.,services,positive
110,Unknown,Best Bank,bank,neutral
110,Unknown,Good service,service,positive
110,Unknown,Banking Service,service,neutral
110,Unknown,"Convenient Banking Hub with Excellent Service
Meezan Bank UP More Karachi is a gem of a banking branch, strategically situated at the heart of North Karachi. The location couldn't be more convenient, as ",bank,positive
110,Unknown,"Convenient Banking Hub with Excellent Service
Meezan Bank UP More Karachi is a gem of a banking branch, strategically situated at the heart of North Karachi. The location couldn't be more convenient, as ",branch,positive
