BranchID,Name,review,aspect,sentiment
102,Unknown,no one checks the token number. Even if it is your turn went to open my account but was asked to wait I waited but after a while I left because of no response and as I was leaving,account,neutral
102,Unknown,Beware of this branch.. someone in this branch leaks customer information to hackers. Somebody just called my aunt and transferred 450,branch,negative
102,Unknown,Worst and pathetic bank experience with pathetic Meezan bank ever I had my account from 2008 but still they treat their customers like garbage every single day.. They just dispatched my cheque without my consent and then when I asked them,bank,neutral
102,Unknown,Worst and pathetic bank experience with pathetic Meezan bank ever I had my account from 2008 but still they treat their customers like garbage every single day.. They just dispatched my cheque without my consent and then when I asked them,account,neutral
102,Unknown,Staff is just okay. They will let you wait to pay the utility bills and need CNIC. Also to take token,staff,neutral
102,Unknown,This branch is well maintained the staff is very good. Very big meezan branch with number of seats for customers. Cash is always available at ATM. Parking outside the branch is also sufficient.,branch,positive
102,Unknown,This branch is well maintained the staff is very good. Very big meezan branch with number of seats for customers. Cash is always available at ATM. Parking outside the branch is also sufficient.,staff,positive
102,Unknown,This branch is well maintained the staff is very good. Very big meezan branch with number of seats for customers. Cash is always available at ATM. Parking outside the branch is also sufficient.,branch,positive
102,Unknown,This branch is well maintained the staff is very good. Very big meezan branch with number of seats for customers. Cash is always available at ATM. Parking outside the branch is also sufficient.,branch,positive
102,Unknown,Staff works too slow due to which the branch is usually crowded whenever i go there. Behavior of staff is rude sometimes.,staff,neutral
102,Unknown,Staff works too slow due to which the branch is usually crowded whenever i go there. Behavior of staff is rude sometimes.,branch,neutral
102,Unknown,Staff works too slow due to which the branch is usually crowded whenever i go there. Behavior of staff is rude sometimes.,staff,neutral
102,Unknown,Office staff never assists properly branch is good.,staff,negative
102,Unknown,Office staff never assists properly branch is good.,branch,negative
102,Unknown,Staff is really good but whenever I went there it's always crowded in compare to it's other branches.,staff,neutral
102,Unknown,A great place for shariah banking. Good customer service. It was well maintained. Staff was cooperative.,staff,positive
102,Unknown,This is really good the management of this branch is also to much helpful with their customers and visitor as well.,branch,positive
102,Unknown,Customer services are superb! They prioritize all of their customers.,services,positive
102,Unknown,Good banking services and cooperative staff. Western Union money receiving service is also available.,services,neutral
102,Unknown,Good banking services and cooperative staff. Western Union money receiving service is also available.,service,neutral
