BranchID,Name,review,aspect,sentiment
106,Unknown,The Worse Branch in Public Relationships. The response level of Operation staff is Extremely Poor. Better avoid coming here for your banking needs.,branch,negative
106,Unknown,The Worse Branch in Public Relationships. The response level of Operation staff is Extremely Poor. Better avoid coming here for your banking needs.,staff,negative
106,Unknown,The worst customer serviceand the problem that was occured in the bank account was also not resolved. The operational manager was doing all the jobs except his job.,account,negative
106,Unknown,One of the worst branches of Meezan Bank. The desks are dirty and staff is lazy. Never attend phone�.,bank,neutral
106,Unknown,"Bank is ok but staff is not warm welcoming
Security guards really behave like bad attitude person's..... They should do only their duty",bank,positive
106,Unknown,"Bank is ok but staff is not warm welcoming
Security guards really behave like bad attitude person's..... They should do only their duty",staff,positive
106,Unknown,Never seen such unprofessional and rude staff before used the same bank for 2 accounts it was good but this time the staff was so rude that i am short of words to describe.,staff,neutral
106,Unknown,Never seen such unprofessional and rude staff before used the same bank for 2 accounts it was good but this time the staff was so rude that i am short of words to describe.,bank,neutral
106,Unknown,Never seen such unprofessional and rude staff before used the same bank for 2 accounts it was good but this time the staff was so rude that i am short of words to describe.,staff,neutral
106,Unknown,Poor customer service of Meezan bank,service,negative
106,Unknown,Poor customer service of Meezan bank,bank,negative
106,Unknown,Staff is really friendly and professional. Very convenient,staff,positive
106,Unknown,Lazy and rude staff,staff,neutral
106,Unknown,Staff need to be more professional,staff,neutral
106,Unknown,Safe place for ATM ?? ,atm,neutral
106,Unknown,Private bank good,bank,neutral
106,Unknown,Most best bank,bank,positive
106,Unknown,Nice support and bank,support,positive
106,Unknown,Nice support and bank,bank,positive
106,Unknown,Good service,service,positive
