BranchID,Name,review,aspect,sentiment
109,Unknown,Worst bank ever i have seen i have been facing an issue for almost 8 months even the customer care didn't resolve my issue know every day i go to my brach and even they cant resolve my issue they have tried many time to contact the head ,bank,negative
109,Unknown,The head office building itself is an impressive structure with modern architecture and state-of-the-art facilities. The interior is spacious and well-lit creating a welcoming atmosphere for visitors. The staff is also very professional ,staff,positive
109,Unknown,They hired stupid dumb team they don't have concerns in solving customer  problems. I am out of the country and facing biometric issues in login of app. My Allied bank already logged in did biometric but in meezan app there is a problem in ,bank,negative
109,Unknown,I have been using meezan Bank from last  3 years and it was really good experience. This Saturday I made an online transaction to Jazz Cash Account and my payment stuck although it was deducted from my account but receiver didn't receive ,bank,positive
109,Unknown,I have been using meezan Bank from last  3 years and it was really good experience. This Saturday I made an online transaction to Jazz Cash Account and my payment stuck although it was deducted from my account but receiver didn't receive ,account,positive
109,Unknown,I have been using meezan Bank from last  3 years and it was really good experience. This Saturday I made an online transaction to Jazz Cash Account and my payment stuck although it was deducted from my account but receiver didn't receive ,payment,positive
109,Unknown,I have been using meezan Bank from last  3 years and it was really good experience. This Saturday I made an online transaction to Jazz Cash Account and my payment stuck although it was deducted from my account but receiver didn't receive ,account,positive
109,Unknown,A good bank overall but poor online services. Forgot my username for the meezan banking app and after going through the process of recovering it no email or sms is received with the username. Please improve your services and workflow.,services,positive
109,Unknown,A good bank overall but poor online services. Forgot my username for the meezan banking app and after going through the process of recovering it no email or sms is received with the username. Please improve your services and workflow.,services,positive
109,Unknown,My 40 k is stuck at meezan bank... through ATM machine it was debited twice...it's been 6 days now..not yet returned..I would suggest no one to open account at meezan bank I had complained many times but no response,bank,neutral
109,Unknown,My 40 k is stuck at meezan bank... through ATM machine it was debited twice...it's been 6 days now..not yet returned..I would suggest no one to open account at meezan bank I had complained many times but no response,account,neutral
109,Unknown,My 40 k is stuck at meezan bank... through ATM machine it was debited twice...it's been 6 days now..not yet returned..I would suggest no one to open account at meezan bank I had complained many times but no response,bank,neutral
109,Unknown,"Ribah is HARAM, but it's fine to LIE for Meezan Bank I had a frustrating experience with Meezan Bank. They failed to send my new debit card before the old one expired, leaving me stuck at a superstore. They ",bank,negative
109,Unknown,"Ribah is HARAM, but it's fine to LIE for Meezan Bank I had a frustrating experience with Meezan Bank. They failed to send my new debit card before the old one expired, leaving me stuck at a superstore. They ",bank,negative
109,Unknown,This is not a bank.... its a TABELA.... Open an RDA account in DIB and move your funds. ,bank,neutral
109,Unknown,This is not a bank.... its a TABELA.... Open an RDA account in DIB and move your funds. ,account,neutral
109,Unknown,I did my transaction to easy paisa account and it was stuck. its almost 25 days passed but no response from bank on complaint inquiry.as per call it was advised with in 10 days it will be sorted. ,account,neutral
109,Unknown,I did my transaction to easy paisa account and it was stuck. its almost 25 days passed but no response from bank on complaint inquiry.as per call it was advised with in 10 days it will be sorted. ,bank,neutral
109,Unknown,I am already an account holder in your pathetic bank and it is taking about 3+ hours just to open another account. Inline processes of your bank are worst I have ever seen in progressing word.,bank,negative
109,Unknown,I am already an account holder in your pathetic bank and it is taking about 3+ hours just to open another account. Inline processes of your bank are worst I have ever seen in progressing word.,bank,negative
109,Unknown,Naveed abbassi is a staff of meezan bank and he is giving my account details to my relative its mean our account is mot secure in this bank i have all screenshots and his voice msgs in which he is tell about my account to my relative,staff,neutral
109,Unknown,Naveed abbassi is a staff of meezan bank and he is giving my account details to my relative its mean our account is mot secure in this bank i have all screenshots and his voice msgs in which he is tell about my account to my relative,bank,neutral
109,Unknown,Naveed abbassi is a staff of meezan bank and he is giving my account details to my relative its mean our account is mot secure in this bank i have all screenshots and his voice msgs in which he is tell about my account to my relative,account,neutral
109,Unknown,Naveed abbassi is a staff of meezan bank and he is giving my account details to my relative its mean our account is mot secure in this bank i have all screenshots and his voice msgs in which he is tell about my account to my relative,bank,neutral
109,Unknown,Naveed abbassi is a staff of meezan bank and he is giving my account details to my relative its mean our account is mot secure in this bank i have all screenshots and his voice msgs in which he is tell about my account to my relative,account,neutral
109,Unknown,i opened bank account in g/9/1 is Islamabad 10 days ago and still no confirmation can you able to check etf going on with my account its in karachi company islamabad figure it out soon,account,neutral
109,Unknown,i opened bank account in g/9/1 is Islamabad 10 days ago and still no confirmation can you able to check etf going on with my account its in karachi company islamabad figure it out soon,account,neutral
109,Unknown,Highly Professional and Corporative Staff,staff,neutral
109,Unknown,One of the best Islamic Bank in Pakistan...! Best wishes for Meezan Bank,bank,positive
109,Unknown,One of the best Islamic Bank in Pakistan...! Best wishes for Meezan Bank,bank,positive
109,Unknown,"LOOTERS MAKING BUSINESS ON NAME OF ISLAM BUT NO VALUES - I HATE THIS BANK Pathetic customer services, I was cheated by a customer representative who also ",services,neutral
109,Unknown,Meezan Roshan Digital Account is a Scam My experience with Meezan Bank's Roshan Digital Account (RDA) has been extremely ,account,positive
109,Unknown,As an Overseas Pakistani it's worst management and customer service. Highly disappointed by their poor quality.,service,negative
109,Unknown,The location is far from city center however building is state of the art with several amenities for staff including swimming pool.,staff,neutral
109,Unknown,One of the worst experiences dealing with this bank not fulfilling the promises lost of the documents delaying tactics to engage the customer halfway to make sure they accept their terms and conditions is common,bank,negative
109,Unknown,One of the worst experiences dealing with this bank not fulfilling the promises lost of the documents delaying tactics to engage the customer halfway to make sure they accept their terms and conditions is common,customer,negative
109,Unknown,State of art building... Co-operative staff.,staff,neutral
109,Unknown,Fraduant bank holds people money without any reason,bank,neutral
109,Unknown,"Meezan Bank Customer services are good,
although my experience is fine with them.",services,positive
109,Unknown,Very very fast service and nice working,service,positive
109,Unknown,Worst customer service,service,neutral
109,Unknown,One of the worst call center and customer service I have experienced! Pathetic service.,service,negative
109,Unknown,One of the worst call center and customer service I have experienced! Pathetic service.,service,negative
109,Unknown,Bad customer service very disappointed,service,negative
109,Unknown,Beautiful Head Office of First and Best Islamic Bank.,bank,neutral
109,Unknown,Beautiful building. Nice Islamic bank,bank,neutral
109,Unknown,Best islamic bank of Pakistan,bank,neutral
109,Unknown,Best Bank Of Pakistan,bank,neutral
109,Unknown,meezan bank is the best bank in Pakistan,bank,positive
109,Unknown,meezan bank is the best bank in Pakistan,bank,positive
109,Unknown,Very bad very bad cal service ?? ,service,negative
109,Unknown,Best Bank of Pakistan 2020,bank,neutral
109,Unknown,Staff need to be more professional,staff,neutral
109,Unknown,My Office Meezan House (Head Office of Meezan bank),bank,neutral
109,Unknown,Best Ever Bank.,bank,positive
109,Unknown,Best Islamic Bank,bank,neutral
109,Unknown,World best bank,bank,neutral
109,Unknown,Very good service,service,positive
109,Unknown,Head Office of Meezan bank.,bank,neutral
109,Unknown,Vary busy branch.,branch,neutral
109,Unknown,Bank,bank,neutral
109,Unknown,Meezan bank,bank,neutral
109,Unknown,During the Mezan Bank daily break time of 4 to 6 pm the main road gets clogged due to the vehicles of Mezan Bank cars and coaster buses and there is danger of accidents the flow of traffic gets disrupted,bank,negative
109,Unknown,Third class staff is responding to calls and has been calling for 3 days. In 3 days of non-attending the balance of Rs. 4300 has been exhausted. Because of non-attending of calls,staff,neutral
109,Unknown,"Very annoying staff
I tried to open an account, neither the branch staff helped me nor resolved the issue through the app, when I contacted the head office, there was no response from the front.",account,neutral
109,Unknown,"Very annoying staff
I tried to open an account, neither the branch staff helped me nor resolved the issue through the app, when I contacted the head office, there was no response from the front.",staff,neutral
109,Unknown,Very useless bank and useless staff spent first three months on motorcycle lease case. When the down payment was submitted on January 5 the bank sent the agreement in February. Now called the call center to complain the representative ,staff,neutral
109,Unknown,Very useless bank and useless staff spent first three months on motorcycle lease case. When the down payment was submitted on January 5 the bank sent the agreement in February. Now called the call center to complain the representative ,payment,neutral
109,Unknown,Very useless bank and useless staff spent first three months on motorcycle lease case. When the down payment was submitted on January 5 the bank sent the agreement in February. Now called the call center to complain the representative ,bank,neutral
109,Unknown,Meezan Bank's service is the highest Masha Allah,service,positive
109,Unknown,Worst meezan banking service They're non islamic bank. They just using islam name in their stupid policies. I have opened my account in this bank since 6 months. I was doing some normal transactions in my account.They have consider it a ,bank,neutral
109,Unknown,Worst meezan banking service They're non islamic bank. They just using islam name in their stupid policies. I have opened my account in this bank since 6 months. I was doing some normal transactions in my account.They have consider it a ,account,neutral
109,Unknown,Worst meezan banking service They're non islamic bank. They just using islam name in their stupid policies. I have opened my account in this bank since 6 months. I was doing some normal transactions in my account.They have consider it a ,bank,neutral
109,Unknown,Clean and well organized offices. Staff was also very accommodating.,staff,neutral
109,Unknown,I opened an account with Meezan bank 3 months ago. The primary reason was to use it to deposit money into my Almeezan Investment mutual fund account. I was not able to do so and contacted Meezan bank in every way possible way. ,account,neutral
109,Unknown,I opened an account with Meezan bank 3 months ago. The primary reason was to use it to deposit money into my Almeezan Investment mutual fund account. I was not able to do so and contacted Meezan bank in every way possible way. ,account,neutral
109,Unknown,I opened an account with Meezan bank 3 months ago. The primary reason was to use it to deposit money into my Almeezan Investment mutual fund account. I was not able to do so and contacted Meezan bank in every way possible way. ,bank,neutral
109,Unknown,"Get v good service at my local branch.But this review is about their appalling  Debit card service while travelling abroad. 2 family members needed to travel (on different dates), called helpline ",service,neutral
109,Unknown,"Get v good service at my local branch.But this review is about their appalling  Debit card service while travelling abroad. 2 family members needed to travel (on different dates), called helpline ",service,neutral
109,Unknown,Very nice building and good environment and very cool and cooperative staff of meezan head office,staff,positive
109,Unknown,Services are absolutely gorgeous great ideas for business avoiding interest and making new way of doing business. Customer care is very cooperative and goods purchase on easy installment is great facility. ,services,positive
109,Unknown,One of the Largest Bank In Pakistan,bank,neutral
109,Unknown,Meezan Bank offers solutions for every product Meezan Bank should also finance the small products of everyday use of the people.,bank,neutral
109,Unknown,Meezan Bank offers solutions for every product Meezan Bank should also finance the small products of everyday use of the people.,bank,neutral
109,Unknown,"For me, staff is well organised and mannered. Have a sense of dealing customers and visitors for tests conducted. Location: in front of Atlas Honda Shershah, Site area. Near places: Shershah, Gulbai, Ghani Chrongi, Kemari.",staff,neutral
109,Unknown,Good facility with modern infrastructure. Banking facility available inside head office. Parking available inside and outside. Guards present outside the bank friendly and co-operative.,bank,neutral
109,Unknown,Worst experience. 3rd grade service Irresponsible staff ,staff,negative
109,Unknown,Meezan bank is one of the TOP banks in Pakistan The vision of bank is Establish Islamic banking as banking of first choice to facilitate the implementation of an equitable economic system providing a strong foundation for establishing a ,bank,positive
109,Unknown,Meezan bank is one of the TOP banks in Pakistan The vision of bank is Establish Islamic banking as banking of first choice to facilitate the implementation of an equitable economic system providing a strong foundation for establishing a ,bank,positive
109,Unknown,One of the Best bank of Pakistan Meezan Bank I visit first time in my life it was around 25 km away from my house.109,bank,neutral
109,Unknown,One of the Best bank of Pakistan Meezan Bank I visit first time in my life it was around 25 km away from my house.109,bank,neutral
