BranchID,Name,review,aspect,sentiment
100,Unknown,Meezan is the worst bank to have international remittances. I received an international remittance and they refused to credit it in my account.  As a freelance worker i provided whatever document i had against the transaction and still ,bank,negative
100,Unknown,Meezan is the worst bank to have international remittances. I received an international remittance and they refused to credit it in my account.  As a freelance worker i provided whatever document i had against the transaction and still ,account,negative
100,Unknown,Well trained and cooperative staff. Highly recommended to all. Meezan bank has really good management,staff,positive
100,Unknown,Well trained and cooperative staff. Highly recommended to all. Meezan bank has really good management,bank,positive
100,Unknown,Location wise is good fully commercial area staff is less than n needed to be more efficient. Proper maintenance is required as a whole. Lock of ATM is out of order should be repaired.,staff,positive
100,Unknown,Location wise is good fully commercial area staff is less than n needed to be more efficient. Proper maintenance is required as a whole. Lock of ATM is out of order should be repaired.,atm,positive
100,Unknown,My sister has account in this branch and something is always fishy about the staff. 2 days back she got a call from random number and the person had all the information about the account and accurate balance in the.account. She is 70 yrs ,account,neutral
100,Unknown,My sister has account in this branch and something is always fishy about the staff. 2 days back she got a call from random number and the person had all the information about the account and accurate balance in the.account. She is 70 yrs ,branch,neutral
100,Unknown,Beware of this branch.. someone in this branch leaks customer information to hackers. Somebody just called my aunt and transferred 450000 from her meezan bank account to unknown bank. Meezan bank did not send otp and pin and without ,branch,neutral
100,Unknown,Beware of this branch.. someone in this branch leaks customer information to hackers. Somebody just called my aunt and transferred 450000 from her meezan bank account to unknown bank. Meezan bank did not send otp and pin and without ,account,neutral
100,Unknown,Beware of this branch.. someone in this branch leaks customer information to hackers. Somebody just called my aunt and transferred 450000 from her meezan bank account to unknown bank. Meezan bank did not send otp and pin and without ,bank,neutral
100,Unknown,Worst and pathetic bank experience with pathetic Meezan bank ever I had my account from 2008 but still they treat their customers like garbage every single day.. They just dispatched my cheque without my consent and then when I asked them ,bank,neutral
100,Unknown,Worst and pathetic bank experience with pathetic Meezan bank ever I had my account from 2008 but still they treat their customers like garbage every single day.. They just dispatched my cheque without my consent and then when I asked them ,account,neutral
100,Unknown,They are not helping at all if donot have cnic copy if you are going to pay utilities bills they don't care even you have account in same branch and other bank like hbl they need just your nic and they will arrange photo copy.,branch,neutral
100,Unknown,They are not helping at all if donot have cnic copy if you are going to pay utilities bills they don't care even you have account in same branch and other bank like hbl they need just your nic and they will arrange photo copy.,bank,neutral
100,Unknown,Staff is just okay. They will let you wait to pay the utility bills and need CNIC. Also to take token you need CNIC copy so be careful if you are visiting them.,staff,neutral
100,Unknown,This branch is well maintained the staff is very good. Very big meezan branch with number of seats for customers. Cah is always available at ATM. parking outside the branch is also sufficient.,branch,positive
100,Unknown,This branch is well maintained the staff is very good. Very big meezan branch with number of seats for customers. Cah is always available at ATM. parking outside the branch is also sufficient.,staff,positive
100,Unknown,This branch is well maintained the staff is very good. Very big meezan branch with number of seats for customers. Cah is always available at ATM. parking outside the branch is also sufficient.,branch,positive
100,Unknown,This branch is well maintained the staff is very good. Very big meezan branch with number of seats for customers. Cah is always available at ATM. parking outside the branch is also sufficient.,branch,positive
100,Unknown,Staff works too slow due to which the branch is usually crowded whenever i go there. Behavior of staff is rude sometimes.,staff,neutral
100,Unknown,Staff works too slow due to which the branch is usually crowded whenever i go there. Behavior of staff is rude sometimes.,branch,neutral
100,Unknown,Staff works too slow due to which the branch is usually crowded whenever i go there. Behavior of staff is rude sometimes.,staff,neutral
100,Unknown,Office staff never assists properly they'll provide you their office direct phone number to assist you via phone call or text and never respond back till you reach back to the branch again.,staff,neutral
100,Unknown,Office staff never assists properly they'll provide you their office direct phone number to assist you via phone call or text and never respond back till you reach back to the branch again.,branch,neutral
100,Unknown,Staff is really good but whenever I went there it's always crowded in compare to it's other branches.,staff,neutral
100,Unknown,A great place for shariah banking.Good customer service. It was well maintained.Staff was co operative.,service,positive
100,Unknown,This is really good the management of this branch is also to much helpful with their customers and visitor as well,branch,positive
100,Unknown,Customer services are superb! They prioritize all of their customers.,services,positive
100,Unknown,Good banking services and cooperative staff. Western Union money receiving service is also available.,services,neutral
100,Unknown,Good banking services and cooperative staff. Western Union money receiving service is also available.,service,neutral
100,Unknown,Unsatisfied and Very very Slow Process opening Account....,account,negative
100,Unknown,Cool environment with courteous services.,services,neutral
100,Unknown,Very poor service.,service,negative
100,Unknown,Perfumechowk branch,branch,neutral
100,Unknown,Good service,service,positive
100,Unknown,Good staff,staff,positive
100,Unknown,Gr8 Banking service,service,neutral
100,Unknown,Good bank.,bank,neutral
100,Unknown,Bank,bank,neutral
100,Unknown,Excellent service,service,positive
