BranchID,Name,review,aspect,sentiment
116,Unknown,Highly recommended very copperative staff. 100% operational atm whenever i visit there  never complain related to out of cash or machine error.,staff,neutral
116,Unknown,Highly recommended very copperative staff. 100% operational atm whenever i visit there  never complain related to out of cash or machine error.,atm,neutral
116,Unknown,Cooperative Staff Best service Highly appreciated ?? ,staff,positive
116,Unknown,Cooperative Staff Best service Highly appreciated ?? ,service,positive
116,Unknown,Excellent staff,staff,positive
