BranchID,Name,review,aspect,sentiment
120,Unknown,ATM service always on The service of the ATM is very good Doing on Saturday and Sunday 8 am work properly There is no issue like ATM is out of cash Or services is unavailable And many of the problem it is a very secure place to use your ,service,positive
120,Unknown,ATM service always on The service of the ATM is very good Doing on Saturday and Sunday 8 am work properly There is no issue like ATM is out of cash Or services is unavailable And many of the problem it is a very secure place to use your ,service,positive
120,Unknown,ATM service always on The service of the ATM is very good Doing on Saturday and Sunday 8 am work properly There is no issue like ATM is out of cash Or services is unavailable And many of the problem it is a very secure place to use your ,atm,positive
120,Unknown,ATM service always on The service of the ATM is very good Doing on Saturday and Sunday 8 am work properly There is no issue like ATM is out of cash Or services is unavailable And many of the problem it is a very secure place to use your ,atm,positive
120,Unknown,ATM service always on The service of the ATM is very good Doing on Saturday and Sunday 8 am work properly There is no issue like ATM is out of cash Or services is unavailable And many of the problem it is a very secure place to use your ,services,positive
120,Unknown,Very lazy and slow staff only 2 counters are divided among 40 person. Each person being served in 15mins.,staff,neutral
120,Unknown,Worst customer service. Staff chatting and using mobile ph while leaving customers unattended for over 30 min.,staff,negative
120,Unknown,Very humble and professional staff,staff,neutral
120,Unknown,Excellent Service and Supportive Staff,service,positive
120,Unknown,Excellent Service and Supportive Staff,staff,positive
120,Unknown,Good services,services,positive
120,Unknown,third class bank with third class staff,bank,neutral
120,Unknown,third class bank with third class staff,staff,neutral
