BranchID,Name,review,aspect,sentiment
122,Unknown,A branch of Meezan Bank located in Bufferzone Sector 15 A area. This branch is with an ATM machine but no cash deposit machine available. Similar to other branches of Meezan Bank with good and services. A clean small branch.,branch,neutral
122,Unknown,A branch of Meezan Bank located in Bufferzone Sector 15 A area. This branch is with an ATM machine but no cash deposit machine available. Similar to other branches of Meezan Bank with good and services. A clean small branch.,bank,neutral
122,Unknown,A branch of Meezan Bank located in Bufferzone Sector 15 A area. This branch is with an ATM machine but no cash deposit machine available. Similar to other branches of Meezan Bank with good and services. A clean small branch.,branch,neutral
122,Unknown,A branch of Meezan Bank located in Bufferzone Sector 15 A area. This branch is with an ATM machine but no cash deposit machine available. Similar to other branches of Meezan Bank with good and services. A clean small branch.,bank,neutral
122,Unknown,A branch of Meezan Bank located in Bufferzone Sector 15 A area. This branch is with an ATM machine but no cash deposit machine available. Similar to other branches of Meezan Bank with good and services. A clean small branch.,branch,neutral
122,Unknown,I went to this branch to open my account about a month ago and there was a guy named UMAIR whom I asked to open my account. Mr Umair is so unprofessional that he kept on pending on opening my account and its been a month and my account is ,branch,neutral
122,Unknown,I went to this branch to open my account about a month ago and there was a guy named UMAIR whom I asked to open my account. Mr Umair is so unprofessional that he kept on pending on opening my account and its been a month and my account is ,account,neutral
122,Unknown,I went to this branch to open my account about a month ago and there was a guy named UMAIR whom I asked to open my account. Mr Umair is so unprofessional that he kept on pending on opening my account and its been a month and my account is ,account,neutral
122,Unknown,I went to this branch to open my account about a month ago and there was a guy named UMAIR whom I asked to open my account. Mr Umair is so unprofessional that he kept on pending on opening my account and its been a month and my account is ,account,neutral
122,Unknown,I went to this branch to open my account about a month ago and there was a guy named UMAIR whom I asked to open my account. Mr Umair is so unprofessional that he kept on pending on opening my account and its been a month and my account is ,account,neutral
122,Unknown,"Staff behaviour is good.
And atm services is good as well.
And no long wait for the service",behaviour,positive
122,Unknown,"Staff behaviour is good.
And atm services is good as well.
And no long wait for the service",services,positive
122,Unknown,"Staff behaviour is good.
And atm services is good as well.
And no long wait for the service",service,positive
122,Unknown,Good bank helping Nabour hood.,bank,neutral
122,Unknown,Satisfied for service,service,neutral
122,Unknown,Very good bank with fast service,bank,positive
122,Unknown,Very good bank with fast service,service,positive
122,Unknown,Very cooperative and efficient staff.,staff,positive
122,Unknown,Cooperative staff,staff,neutral
122,Unknown,Good service,service,positive
122,Unknown,The premier islamic bank,bank,neutral
122,Unknown,Nice service.,service,positive
122,Unknown,Dubai Islamic bank,bank,neutral
122,Unknown,ATM is present.,atm,neutral
