BranchID,Name,review,aspect,sentiment
152,Unknown,Very slow service. I havnt attended once since half hour. Thats how they treat overseas remittance clients.,service,neutral
152,Unknown,"Poor management in this branch, only one cashier is deputed for bank customers, lots of bank customers waiting in long queue for their turn, slowest and worst service I have even seen in this branch",branch,negative
152,Unknown,"Poor management in this branch, only one cashier is deputed for bank customers, lots of bank customers waiting in long queue for their turn, slowest and worst service I have even seen in this branch",branch,negative
152,Unknown,"Good services, efficient staff",staff,positive
152,Unknown,Very bed customer services .,services,neutral
152,Unknown,Meezan bank is a Premier Islamic Bank offerings complete banking solution in line with principles of islam sharia.,bank,neutral
152,Unknown,Cooperative staff and excellent banking,staff,positive
152,Unknown,Very good service,service,positive
152,Unknown,Excellent banking services,services,positive
152,Unknown,Best bank,bank,neutral
152,Unknown,Average bank,bank,neutral
152,Unknown,Meezan Bank,bank,neutral
152,Unknown,"Very friendly staff, no culture of talking, bad experience, best Blue area branch, don't come there.
No, he is a manager in the bank. Bad Experience.
Token system was very bad",staff,negative
152,Unknown,"Very friendly staff, no culture of talking, bad experience, best Blue area branch, don't come there.
No, he is a manager in the bank. Bad Experience.
Token system was very bad",branch,negative
