BranchID,Name,review,aspect,sentiment
107,Unknown,Meezan Bank next to jamia millia road with 2 distinctive ATM machine service provider with security guard ,bank,neutral
107,Unknown,I have been using this branch since long. Earlier the staff and managers are not very careful and supportive. But now the condition is 180 degree opposite. I have visited the branch after long time and the working style is absolutely ,branch,neutral
107,Unknown,I have been using this branch since long. Earlier the staff and managers are not very careful and supportive. But now the condition is 180 degree opposite. I have visited the branch after long time and the working style is absolutely ,staff,neutral
107,Unknown,I have been using this branch since long. Earlier the staff and managers are not very careful and supportive. But now the condition is 180 degree opposite. I have visited the branch after long time and the working style is absolutely ,branch,neutral
107,Unknown,Good place quick service. Very busy. Frequent out of order ATM. People top to down need ethics training in my beloved motherland; zero concentration on customer flat and dry faces and attitude. Common guys smile at least.,service,positive
107,Unknown,Meezan bank has trained it's staff to be cooperative customer oriented nice work here online banking ATM current account saving investment services nice banking,bank,neutral
107,Unknown,Meezan bank has trained it's staff to be cooperative customer oriented nice work here online banking ATM current account saving investment services nice banking,staff,neutral
107,Unknown,Meezan bank has trained it's staff to be cooperative customer oriented nice work here online banking ATM current account saving investment services nice banking,atm,neutral
107,Unknown,Meezan bank has trained it's staff to be cooperative customer oriented nice work here online banking ATM current account saving investment services nice banking,account,neutral
107,Unknown,Meezan bank has trained it's staff to be cooperative customer oriented nice work here online banking ATM current account saving investment services nice banking,services,neutral
107,Unknown,Good banking service.,service,positive
107,Unknown,Efficient staff well mannered And cooperative,staff,positive
107,Unknown,Smart bank is Meezan Bank,bank,neutral
107,Unknown,Smart bank is Meezan Bank,bank,neutral
107,Unknown,A fine staff and responsible people would recommend anyday!,staff,neutral
107,Unknown,Good service and we'll staff,service,positive
107,Unknown,Good service and we'll staff,staff,positive
107,Unknown,Great service and cooperative staff,staff,neutral
107,Unknown,Well professional and Comparative staff,staff,neutral
107,Unknown,I opened my account at there :),account,neutral
107,Unknown,Good ATM service,service,positive
107,Unknown,"There are many issues in ATM.
And it seems that all the guts have been put into the paper note machine...
Quaid and Azam also did not notice the note...it has left a mark on it.",atm,negative
