BranchID,Name,review,aspect,sentiment
119,Unknown,There is no option of rating this Branch lower than 1 Star otherwise would have gone for it. Worst Branch of Meezan at Karachi. ,branch,neutral
119,Unknown,There is no option of rating this Branch lower than 1 Star otherwise would have gone for it. Worst Branch of Meezan at Karachi. ,branch,neutral
119,Unknown,Worst experience of my life visiting a bank. No employee is serious in their job.  We just needed to create an account and they were all sending us to another person. There was a guy named Jamshed and he was literally the only person who ,bank,neutral
119,Unknown,Worst experience of my life visiting a bank. No employee is serious in their job.  We just needed to create an account and they were all sending us to another person. There was a guy named Jamshed and he was literally the only person who ,account,neutral
119,Unknown,Meezan Bank is the first and largest Islamic Commercial Bank of Pakistan.  The Bank is headquartered in Karachi.  It has network of over 550 branches in more than 140 cities of Pakistan.  It commenced operations in 2002 after getting their ,bank,neutral
119,Unknown,Meezan Bank is the first and largest Islamic Commercial Bank of Pakistan.  The Bank is headquartered in Karachi.  It has network of over 550 branches in more than 140 cities of Pakistan.  It commenced operations in 2002 after getting their ,bank,neutral
119,Unknown,Meezan Bank is the first and largest Islamic Commercial Bank of Pakistan.  The Bank is headquartered in Karachi.  It has network of over 550 branches in more than 140 cities of Pakistan.  It commenced operations in 2002 after getting their ,bank,neutral
119,Unknown,I am a usual customer and always only counter 4 is active. Rest of the counters are just for display purposes. ,customer,neutral
119,Unknown,This branch is third class because these staff is not serius for job system is not good,branch,neutral
119,Unknown,This branch is third class because these staff is not serius for job system is not good,staff,neutral
119,Unknown,Meezan Bank has taken over HSBC and Both these banks are the WORST ever banks you can bank with.Funds go missing and accounts are frozen without any reason given.Poor and rude Customer Service EVER!,bank,negative
119,Unknown,Meezan Bank has taken over HSBC and Both these banks are the WORST ever banks you can bank with.Funds go missing and accounts are frozen without any reason given.Poor and rude Customer Service EVER!,service,negative
119,Unknown,"One of the best branch of meezan bank in the city
Beautifully constructed great customer service
Very cooperative staff",branch,positive
119,Unknown,"One of the best branch of meezan bank in the city
Beautifully constructed great customer service
Very cooperative staff",bank,positive
119,Unknown,"One of the best branch of meezan bank in the city
Beautifully constructed great customer service
Very cooperative staff",staff,positive
119,Unknown,Best bank in the city and staff are in particularly very good caring and helpful.,bank,positive
119,Unknown,Best bank in the city and staff are in particularly very good caring and helpful.,staff,positive
119,Unknown,This is the main branch of Clifton and provides very good service,branch,positive
119,Unknown,This is the main branch of Clifton and provides very good service,service,positive
119,Unknown,Best bank for Auto and Housing Finance.,bank,neutral
119,Unknown,Bast service allah blass you meezan bank and staf,bank,neutral
119,Unknown,Nice service,service,positive
