BranchID,Name,review,aspect,sentiment
111,Unknown,"Nice bank with good atmosphere and lovely staff and labour.
Every thing is right .
Especially I like the ATM machine which is in the hall of the bank. And other ",bank,positive
111,Unknown,"Nice bank with good atmosphere and lovely staff and labour.
Every thing is right .
Especially I like the ATM machine which is in the hall of the bank. And other ",staff,positive
111,Unknown,"Nice bank with good atmosphere and lovely staff and labour.
Every thing is right .
Especially I like the ATM machine which is in the hall of the bank. And other ",bank,positive
111,Unknown,I am a customer of meezan bank for over 15 years and first time ever i requested a certificate which is required for my transaction its been 2 and half months and i am still unable to get it. ,customer,negative
111,Unknown,I am a customer of meezan bank for over 15 years and first time ever i requested a certificate which is required for my transaction its been 2 and half months and i am still unable to get it. ,bank,negative
111,Unknown,Good banking services,services,positive
111,Unknown,busy branch,branch,neutral
