BranchID,Name,review,aspect,sentiment
117,Unknown,Mezan bank Indus mehran branch I gave 5 star for they gave customer relive great atmosphere cheque clearence matter is issue,branch,neutral
117,Unknown,Mezan bank Indus mehran branch I gave 5 star for they gave customer relive great atmosphere cheque clearence matter is issue,customer,neutral
117,Unknown,Very poor customer service. My salary from other country has been stuck since 24 March. No resolution yet. Branch manager and operational manager has no effect on his health. They are busy in taking breaks and Branch Manager give reviews ,service,negative
117,Unknown,They have a staff the name of a staff of is syed aun in this branch. The characterless boy...,staff,neutral
117,Unknown,They have a staff the name of a staff of is syed aun in this branch. The characterless boy...,staff,neutral
117,Unknown,They have a staff the name of a staff of is syed aun in this branch. The characterless boy...,branch,neutral
117,Unknown,Very bad service,service,negative
117,Unknown,Really good experience in bank,bank,positive
117,Unknown,Excellent service,service,positive
117,Unknown,Better service.,service,positive
117,Unknown,Good bank,bank,neutral
117,Unknown,Good Service,service,positive
117,Unknown,Where is the Fazool Service?,service,neutral
117,Unknown,Saturday is open but only for cash withdrawal.  No need for service,service,neutral
