BranchID,Name,review,aspect,sentiment
212,Unknown,"Recently, the customer service of this branch is elevated to the next level. I got my account opened here. The team was super professional and cooperative 👏. The branch manager takes personal interest in queries and Q&A. Appreciate the neat, clean, and cool environment 😎 and hospitality. …",service,positive
212,Unknown,"Recently, the customer service of this branch is elevated to the next level. I got my account opened here. The team was super professional and cooperative 👏. The branch manager takes personal interest in queries and Q&A. Appreciate the neat, clean, and cool environment 😎 and hospitality. …",branch,positive
212,Unknown,"Recently, the customer service of this branch is elevated to the next level. I got my account opened here. The team was super professional and cooperative 👏. The branch manager takes personal interest in queries and Q&A. Appreciate the neat, clean, and cool environment 😎 and hospitality. …",account,positive
212,Unknown,The branch is centrally located and you can find it with ease. The staff is supportive and will assist you in addressing your queries. The building is spacious with chilled ACs. I did not find any of the customer waiting for his turn to get …,branch,neutral
212,Unknown,The branch is centrally located and you can find it with ease. The staff is supportive and will assist you in addressing your queries. The building is spacious with chilled ACs. I did not find any of the customer waiting for his turn to get …,staff,neutral
212,Unknown,The branch is centrally located and you can find it with ease. The staff is supportive and will assist you in addressing your queries. The building is spacious with chilled ACs. I did not find any of the customer waiting for his turn to get …,customer,neutral
212,Unknown,"Excellent customer service, swift management with variety of services offered. Very friendly staff, available to readily offer help and guide. The branch is spacious and clean too.",services,positive
212,Unknown,"Excellent customer service, swift management with variety of services offered. Very friendly staff, available to readily offer help and guide. The branch is spacious and clean too.",staff,positive
212,Unknown,"Excellent customer service, swift management with variety of services offered. Very friendly staff, available to readily offer help and guide. The branch is spacious and clean too.",branch,positive
212,Unknown,Excellent and quality customer services being provided by highly experienced staff in a friendly environment with variety of services and always available to readily offer help and guide.,services,positive
212,Unknown,Excellent and quality customer services being provided by highly experienced staff in a friendly environment with variety of services and always available to readily offer help and guide.,staff,positive
212,Unknown,Excellent and quality customer services being provided by highly experienced staff in a friendly environment with variety of services and always available to readily offer help and guide.,services,positive
212,Unknown,"I visited this newly opened branch, branch manager was quite a humble guy with comforting staff. Branch was neat and clean with secure ATM accessibility. Wish success to all.",branch,positive
212,Unknown,Professional people offering meticulous service. If you want to experience pinnacle of branch banking it is the place to be Ambiance 09/10 …,service,neutral
212,Unknown,"I have visited this branch on multiple occasions and found the staff very helpful with swift customer service, specially found their Branch manager Mr Ahmad Ali welcoming and helpful.",branch,positive
212,Unknown,"I have visited this branch on multiple occasions and found the staff very helpful with swift customer service, specially found their Branch manager Mr Ahmad Ali welcoming and helpful.",staff,positive
212,Unknown,"I have visited this branch on multiple occasions and found the staff very helpful with swift customer service, specially found their Branch manager Mr Ahmad Ali welcoming and helpful.",service,positive
212,Unknown,Aoa I really like this branch service unbelievable customer service appreciated Staff is very helpful and friendly and the branch manager is a very nice person and loyal with customers and his job,staff,positive
212,Unknown,I have always received the best customer service whenever I come here. Highly appreciated ♥️,service,positive
212,Unknown,Best Branch in Dha karachi Branch manager Ali Shah is very co-operative and staff are also very supportive.,branch,positive
212,Unknown,Best Branch in Dha karachi Branch manager Ali Shah is very co-operative and staff are also very supportive.,staff,positive
212,Unknown,Friendly staff and efficient service - makes banking a breeze!,staff,positive
212,Unknown,Friendly staff and efficient service - makes banking a breeze!,service,positive
212,Unknown,Staff is very much cooperative and they provide great banking services.,staff,positive
212,Unknown,Staff is very much cooperative and they provide great banking services.,services,positive
212,Unknown,Best bank and one must try to engage himself in this bank...highly recommended,bank,neutral
212,Unknown,"Amazing Team. Nice Ambiance, Excellent service",service,positive
212,Unknown,Great services and polite staff,services,neutral
212,Unknown,Great services and polite staff,staff,neutral
212,Unknown,Trade related services are top of the line,services,neutral
212,Unknown,Satisfied with services.,services,neutral
