BranchID,Name,review,aspect,sentiment
211,Unknown,The soneri bank is a good Bank you should definitely visit it,bank,neutral
211,Unknown,The soneri bank is a good Bank you should definitely visit it,bank,neutral
211,Unknown,Nice and cooperative staff.,staff,neutral
211,Unknown,Very cooperative staff..,staff,neutral
211,Unknown,Private bank good atm,atm,neutral
211,Unknown,BANK,bank,neutral
211,Unknown,"Pathetic service, illiterate tellers and manager staff, this is how the paper looks like, everyone has been given a living wage 🤬 …",staff,neutral
