BranchID,Name,review,aspect,sentiment
210,Unknown,Good services even helping staff,services,positive
210,Unknown,Good services even helping staff,staff,positive
210,Unknown,very pathetic services since 20 april 2018 online banking is not working however manager of the branch try to convince customers that we bought this new system in 3 billion imagine what will do with that,services,neutral
210,Unknown,very pathetic services since 20 april 2018 online banking is not working however manager of the branch try to convince customers that we bought this new system in 3 billion imagine what will do with that,branch,neutral
210,Unknown,"I do not like service of this branch and the staff is so lazy , even they didn't update the operator contact number.",service,neutral
210,Unknown,"I do not like service of this branch and the staff is so lazy , even they didn't update the operator contact number.",branch,neutral
210,Unknown,"I do not like service of this branch and the staff is so lazy , even they didn't update the operator contact number.",staff,neutral
210,Unknown,Very bad service ATM all times out of cash and out of service....,atm,negative
210,Unknown,Very bad service ATM all times out of cash and out of service....,service,negative
210,Unknown,Worst service at morning time,service,neutral
210,Unknown,Outstanding Services & Incredible Staff,services,neutral
210,Unknown,Outstanding Services & Incredible Staff,staff,neutral
210,Unknown,Good bank. Great staff,staff,positive
210,Unknown,Its ATM service is well.,service,positive
210,Unknown,Good service,service,positive
210,Unknown,Pathetic service...,service,neutral
210,Unknown,Slow Service,service,neutral
210,Unknown,Friendly staff,staff,neutral
210,Unknown,Busy branch,branch,neutral
