BranchID,Name,review,aspect,sentiment
203,Unknown,Misbehaving staff and helpline_x000D_ And stolen amounts to your account,staff,neutral
203,Unknown,Misbehaving staff and helpline_x000D_ And stolen amounts to your account,account,neutral
203,Unknown,"3rd class service and staff, all their attention to aku female staff 👎👎 …",service,neutral
203,Unknown,"3rd class service and staff, all their attention to aku female staff 👎👎 …",staff,neutral
203,Unknown,"3rd class service and staff, all their attention to aku female staff 👎👎 …",staff,neutral
203,Unknown,Very safe place. ..for bank,bank,positive
203,Unknown,Easy and quick service,service,positive
