BranchID,Name,review,aspect,sentiment
205,Unknown,Worst bank ever with poor quality employees! I wish I can give them negative10 stars,bank,negative
205,Unknown,Good people. Great service,service,positive
205,Unknown,Better branch but need to work on customer services.,branch,neutral
205,Unknown,Better branch but need to work on customer services.,services,neutral
205,Unknown,0% banking and unprofessional operation manager and cto services,services,neutral
205,Unknown,One of the largest bank in Pakistan,bank,neutral
205,Unknown,Cooperative staff,staff,neutral
205,Unknown,Good Service,service,positive
205,Unknown,My loving bank,bank,neutral
205,Unknown,Healthy service,service,positive
