BranchID,Name,review,aspect,sentiment
200,Unknown,"The Soneri Bank Limited is a Pakistani bank based in Karachi, Sindh, Pakistan. Its head office is located in the PNSC Building. It is a mid-sized bank having about over 400+ branches country-wide. Soneri Bank started its operation in the …",bank,neutral
200,Unknown,"The Soneri Bank Limited is a Pakistani bank based in Karachi, Sindh, Pakistan. Its head office is located in the PNSC Building. It is a mid-sized bank having about over 400+ branches country-wide. Soneri Bank started its operation in the …",bank,neutral
200,Unknown,"The Soneri Bank Limited is a Pakistani bank based in Karachi, Sindh, Pakistan. Its head office is located in the PNSC Building. It is a mid-sized bank having about over 400+ branches country-wide. Soneri Bank started its operation in the …",bank,neutral
200,Unknown,"The Soneri Bank Limited is a Pakistani bank based in Karachi, Sindh, Pakistan. Its head office is located in the PNSC Building. It is a mid-sized bank having about over 400+ branches country-wide. Soneri Bank started its operation in the …",bank,neutral
200,Unknown,"Excellent Bank probably I never open my account there , Can anyone please confirm Meat shop is still exist adjacent to Bank?",bank,neutral
200,Unknown,"Excellent Bank probably I never open my account there , Can anyone please confirm Meat shop is still exist adjacent to Bank?",account,neutral
200,Unknown,"Excellent Bank probably I never open my account there , Can anyone please confirm Meat shop is still exist adjacent to Bank?",bank,neutral
200,Unknown,Pathetic service I was waiting 20 mint after I'm going to counter one gentle man said we can't pay your utility bills go to meezan bank 👌👌😳 …,bank,neutral
200,Unknown,My experience with this branch is good. Helpful staff.,branch,positive
200,Unknown,My experience with this branch is good. Helpful staff.,staff,positive
200,Unknown,Best commercial bank._x000D_ Have best serving staff,staff,positive
200,Unknown,"Commercial bank, humble staff",staff,neutral
200,Unknown,Good branch,branch,positive
200,Unknown,Good Branch,branch,positive
200,Unknown,Worst bank ever. Every time their ATM band is either left or destroyed.,bank,neutral
