BranchID,Name,review,aspect,sentiment
202,Unknown,"Worst experience, unqualified staff, need more training for customer handling, dirty atmosphere, lack of staff, lack of ethics.",staff,negative
202,Unknown,"Worst experience, unqualified staff, need more training for customer handling, dirty atmosphere, lack of staff, lack of ethics.",customer,negative
202,Unknown,"Good location and clean environment, good security for customers and good staff.",security,positive
202,Unknown,"Good location and clean environment, good security for customers and good staff.",staff,positive
202,Unknown,Pethatic ATM SERVICE,service,neutral
202,Unknown,Gud ATM Services.,services,neutral
202,Unknown,Good service,service,positive
