BranchID,Name,review,aspect,sentiment
213,Unknown,Customer service was once good about a year ago but now it's very poor with the arrival of new staff. They discourage even basic banking services like account statement. …,service,negative
213,Unknown,Customer service was once good about a year ago but now it's very poor with the arrival of new staff. They discourage even basic banking services like account statement. …,staff,negative
213,Unknown,Customer service was once good about a year ago but now it's very poor with the arrival of new staff. They discourage even basic banking services like account statement. …,services,negative
213,Unknown,"i gave one star. their telephone customer service staff are all stupid and rude, they cant understand what you want if you are english speaker, and they hang up your dial if they cant understand you. suggest do not use this bank if you are english speaker.",staff,neutral
213,Unknown,"i gave one star. their telephone customer service staff are all stupid and rude, they cant understand what you want if you are english speaker, and they hang up your dial if they cant understand you. suggest do not use this bank if you are english speaker.",bank,neutral
213,Unknown,Pathetic Bank ever with no services at all. Absolutely garbage bank!,bank,neutral
213,Unknown,Pathetic Bank ever with no services at all. Absolutely garbage bank!,services,neutral
213,Unknown,Pathetic Bank ever with no services at all. Absolutely garbage bank!,bank,neutral
213,Unknown,A Good bank with honest employee,bank,positive
213,Unknown,Such a bad service I have ever had such a shite bank ever,service,neutral
213,Unknown,Such a bad service I have ever had such a shite bank ever,bank,neutral
213,Unknown,Good bank . And good office staff,bank,positive
213,Unknown,Good bank . And good office staff,staff,positive
213,Unknown,Nice bank,bank,neutral
