BranchID,Name,review,aspect,sentiment
204,Unknown,Inside environment was very good._x000D_ All staff is very welcoming and doing their work very well,staff,positive
204,Unknown,Staff is incompetent. Wanted my debit card as it wasn't delivered. They said to call head-office which asked to call back in branch. They have no clue about this. utter mismanagement.,staff,neutral
204,Unknown,Staff is incompetent. Wanted my debit card as it wasn't delivered. They said to call head-office which asked to call back in branch. They have no clue about this. utter mismanagement.,branch,neutral
204,Unknown,Great service and staff is very cooperative,service,positive
204,Unknown,Great service and staff is very cooperative,staff,positive
204,Unknown,Nice bank,bank,neutral
