BranchID,Name,review,aspect,sentiment
201,Unknown,Good services even helping staff,services,positive
201,Unknown,Good services even helping staff,staff,positive
201,Unknown,very pathetic services since 20 april 2018 online banking is not working however manager of the branch try to convince customers that we bought this new system in 3 billion imagine what will do with that,services,neutral
201,Unknown,very pathetic services since 20 april 2018 online banking is not working however manager of the branch try to convince customers that we bought this new system in 3 billion imagine what will do with that,branch,neutral
201,Unknown,"I do not like service of this branch and the staff is so lazy , even they didn't update the operator contact number.",service,neutral
201,Unknown,"I do not like service of this branch and the staff is so lazy , even they didn't update the operator contact number.",branch,neutral
201,Unknown,"I do not like service of this branch and the staff is so lazy , even they didn't update the operator contact number.",staff,neutral
201,Unknown,Very bad service ATM all times out of cash and out of service....,atm,negative
201,Unknown,Very bad service ATM all times out of cash and out of service....,service,negative
201,Unknown,Worst service at morning time,service,neutral
201,Unknown,Outstanding Services & Incredible Staff,services,neutral
201,Unknown,Outstanding Services & Incredible Staff,staff,neutral
201,Unknown,Good bank. Great staff,staff,positive
201,Unknown,Its ATM service is well.,service,positive
201,Unknown,Good service,service,positive
201,Unknown,Pathetic service...,service,neutral
201,Unknown,Slow Service,service,neutral
201,Unknown,Friendly staff,staff,neutral
201,Unknown,Busy branch,branch,neutral
