BranchID,Name,review,aspect,sentiment
11,Faysal Bank,"The most pathetic bank i ever had to visit. Unethical behaviour, poor guidance, poor management, Poor system.",bank,negative
11,Faysal Bank,"The most pathetic bank i ever had to visit. Unethical behaviour, poor guidance, poor management, Poor system.",behaviour,negative
11,Faysal Bank,"I used to consider nbp the worst bank but faisal bank proved me wrong. I applied for a credit card, they took 2 months to do the verification and stuff. In the end they called me and told me that your contract has less than 3 months to â€¦",bank,neutral
11,Faysal Bank,Very great bank in Pakistan i am using it since very long time but i found it very great and i like its services. Thanks for a great services,services,positive
11,Faysal Bank,Very great bank in Pakistan i am using it since very long time but i found it very great and i like its services. Thanks for a great services,services,positive
11,Faysal Bank,Poor service. A lady gave me contact number if problem not resolve but went on vacation and returned after one week.,service,negative
11,Faysal Bank,Worst car financing experience. Irresponsible staff,staff,negative
11,Faysal Bank,Faysal Bank Best Services in Pakistan. Excellent Banking Services,services,positive
11,Faysal Bank,Faysal Bank Best Services in Pakistan. Excellent Banking Services,services,positive
11,Faysal Bank,Overall good experience and cooperative staff,staff,positive
11,Faysal Bank,Why you dont have f 10 branch contact number. How i can contact this branch ?,branch,neutral
11,Faysal Bank,Good co operative staff,staff,neutral
11,Faysal Bank,In competent Services,services,neutral
11,Faysal Bank,Good service,service,positive
