BranchID,Name,review,aspect,sentiment
49,Faysal Bank,"السلام علیکم Don't waste your time and money, it is not a real branch of (WBS) they charge you 1700 IQ Test during the interview. Any private companies should not charge any kind of fees. Be safe and aware of these fraud companies. Thank you",branch,neutral
49,Faysal Bank,Best services and also staff,services,neutral
49,Faysal Bank,Best services and also staff,staff,neutral
49,Faysal Bank,Best bank in Karachi,bank,neutral
49,Faysal Bank,Good service❤️👍,service,positive
49,Faysal Bank,Poor service and the staff lack product knowledge,service,negative
49,Faysal Bank,Good service,service,positive
49,Faysal Bank,Nice banking services,services,neutral
49,Faysal Bank,Good service,service,positive
49,Faysal Bank,Good service,service,positive
49,Faysal Bank,There is an office above this bank,bank,neutral
