BranchID,Name,review,aspect,sentiment
5,Faysal Bank Limited,Amazing service. Experienced staff.,service,neutral
5,Faysal Bank Limited,Good staff and service,staff,positive
5,Faysal Bank Limited,Good staff and service,service,positive
5,Faysal Bank Limited,Professional staff good services provided,services,neutral
5,Faysal Bank Limited,"Unable to pay international remittances, no body know comes from which service, also misguided, specially cash counter Ladies. Transfer client to another banks",service,negative
