BranchID,Name,review,aspect,sentiment
42,Faysal Bank,Superb Experience visited on 11-11-2023. Stormfiber payment just seconds. This branch is open on Saturdays …,payment,neutral
42,Faysal Bank,Superb Experience visited on 11-11-2023. Stormfiber payment just seconds. This branch is open on Saturdays …,branch,neutral
42,Faysal Bank,Helpful staff with great atmosphere. One of good bank branch in area.,staff,neutral
42,Faysal Bank,Helpful staff with great atmosphere. One of good bank branch in area.,branch,neutral
42,Faysal Bank,very bad service. very slow process and irresponsible staff. i will never recommend anyone to open account in this bank.,staff,negative
42,Faysal Bank,very bad service. very slow process and irresponsible staff. i will never recommend anyone to open account in this bank.,account,negative
42,Faysal Bank,very bad service. very slow process and irresponsible staff. i will never recommend anyone to open account in this bank.,bank,negative
42,Faysal Bank,"thanks to open this branch here,",branch,neutral
