BranchID,Name,review,aspect,sentiment
59,Faysal Bank phase 2 dha branch,"Faisal Bank branches are reputable for the polite behavior of their staff and very disciplined environment. I found Faysal Bank ATMs the best in town, always full of cash.",staff,positive
59,Faysal Bank phase 2 dha branch,"Such a nice experience, very cooperative staff! Great, keep it up.",staff,positive
59,Faysal Bank phase 2 dha branch,Bad service,service,neutral
59,Faysal Bank phase 2 dha branch,Bank,bank,neutral
59,Faysal Bank phase 2 dha branch,It's a bank....,bank,neutral
