BranchID,Name,review,aspect,sentiment
13,Faysal Bank,Once stuck my Atm card in their auto teller machine and staff cooperation was exceptionally good. Its a very busy branch but the staff pays attention to everybody visiting the branch.,branch,positive
13,Faysal Bank,Once stuck my Atm card in their auto teller machine and staff cooperation was exceptionally good. Its a very busy branch but the staff pays attention to everybody visiting the branch.,staff,positive
13,Faysal Bank,Once stuck my Atm card in their auto teller machine and staff cooperation was exceptionally good. Its a very busy branch but the staff pays attention to everybody visiting the branch.,branch,positive
13,Faysal Bank,Almost good quality services,services,positive
