BranchID,Name,review,aspect,sentiment
41,Faysal Bank,"HORRIBLE experience, by far the worst customer service I’ve ever seen. The fat lady who sits at the desk has the ABSOLUTE WORST ATTITUDE AND SERVICE. Literally wasted 10 days trying to open an account. How does it make sense that I can’t …",service,negative
41,Faysal Bank,"HORRIBLE experience, by far the worst customer service I’ve ever seen. The fat lady who sits at the desk has the ABSOLUTE WORST ATTITUDE AND SERVICE. Literally wasted 10 days trying to open an account. How does it make sense that I can’t …",service,negative
41,Faysal Bank,"HORRIBLE experience, by far the worst customer service I’ve ever seen. The fat lady who sits at the desk has the ABSOLUTE WORST ATTITUDE AND SERVICE. Literally wasted 10 days trying to open an account. How does it make sense that I can’t …",account,negative
41,Faysal Bank,Horrible bank! The staff is highly unprofessional and that notorious system that is always down is the bane of a client's life because they have to visit the bank 3 times on average to get simple tasks done! The fat guy who sits at the …,staff,neutral
41,Faysal Bank,"Worst service a bank could ever give. I don't know why my boss opted for this misery when there are likes of Meezan, HBL and UBL just some distance away. The have disappointed me so many times that it seems like they have become efficient …",service,negative
41,Faysal Bank,"Worst service a bank could ever give. I don't know why my boss opted for this misery when there are likes of Meezan, HBL and UBL just some distance away. The have disappointed me so many times that it seems like they have become efficient …",bank,negative
41,Faysal Bank,Nice bank,bank,neutral
41,Faysal Bank,Average bank compare to other banks,bank,neutral
