BranchID,Name,review,aspect,sentiment
10,Faysal Bank - Barkat Islamic Banking,"Terrible experience with faysal bank. Opened an account in February at the G10, Islamabad branch, but haven't been able to register on their app despite multiple attempts and even visiting the branch for biometric verification. Their â€¦",bank,neutral
10,Faysal Bank - Barkat Islamic Banking,"Terrible experience with faysal bank. Opened an account in February at the G10, Islamabad branch, but haven't been able to register on their app despite multiple attempts and even visiting the branch for biometric verification. Their â€¦",account,neutral
10,Faysal Bank - Barkat Islamic Banking,"Terrible experience with faysal bank. Opened an account in February at the G10, Islamabad branch, but haven't been able to register on their app despite multiple attempts and even visiting the branch for biometric verification. Their â€¦",branch,neutral
10,Faysal Bank - Barkat Islamic Banking,"Terrible experience with faysal bank. Opened an account in February at the G10, Islamabad branch, but haven't been able to register on their app despite multiple attempts and even visiting the branch for biometric verification. Their â€¦",branch,neutral
10,Faysal Bank - Barkat Islamic Banking,"Appropriate branch, nice staff with Safe ATM location. Parking is good but some times filled at business hours.",staff,positive
10,Faysal Bank - Barkat Islamic Banking,Very bad experience staff fully not availible.,staff,negative
10,Faysal Bank - Barkat Islamic Banking,The entrance is not quite appealing for claustrophobic people. Other than that regular bank with regular services Keep up the good work,bank,neutral
10,Faysal Bank - Barkat Islamic Banking,The entrance is not quite appealing for claustrophobic people. Other than that regular bank with regular services Keep up the good work,services,neutral
10,Faysal Bank - Barkat Islamic Banking,Staff deals nicely,staff,positive
10,Faysal Bank - Barkat Islamic Banking,nice staff,staff,positive
10,Faysal Bank - Barkat Islamic Banking,Small branch of Faysal Bank,branch,neutral
10,Faysal Bank - Barkat Islamic Banking,Small branch of Faysal Bank,bank,neutral
10,Faysal Bank - Barkat Islamic Banking,Cheapest service ever. They will willingly cut your calls and don't let your remittance in just to hold the money to meet targets. Pathetic,service,neutral
