BranchID,Name,review,aspect,sentiment
8,Faysal Bank,I will never come here but my company sent me for account opening as they release salaries in Faysal bank the staff here is really unprofessional they treat you like a begger I came here at 4:20 and the account opening guy says why you come â€¦,bank,neutral
8,Faysal Bank,I will never come here but my company sent me for account opening as they release salaries in Faysal bank the staff here is really unprofessional they treat you like a begger I came here at 4:20 and the account opening guy says why you come â€¦,staff,neutral
8,Faysal Bank,Good services and cooperative staff to serve the client,services,positive
8,Faysal Bank,Good services and cooperative staff to serve the client,staff,positive
8,Faysal Bank,Good service,service,positive
8,Faysal Bank,Excellent staff.,staff,positive
