BranchID,Name,review,aspect,sentiment
45,Faysal Bank,The customer service is so bad that no matter how cool minded you are they'll find a way to make you lose your mind. …,service,negative
45,Faysal Bank,A highly inefficient and useless branch ... No sense of customer service ..for each thing they have just one stupid answer sir aap branch visit ker lein ...in this era when ppl are moving to provide door step banking facilities ... These …,branch,negative
45,Faysal Bank,A highly inefficient and useless branch ... No sense of customer service ..for each thing they have just one stupid answer sir aap branch visit ker lein ...in this era when ppl are moving to provide door step banking facilities ... These …,service,negative
45,Faysal Bank,"Worst customer service ever. Not only they don't want to work, but also highly ill-mannered staff.",service,negative
45,Faysal Bank,"Worst customer service ever. Not only they don't want to work, but also highly ill-mannered staff.",staff,negative
45,Faysal Bank,"I dont like a service of them, they just put a persons who dont know about there self then what they guid to a costumers.",service,neutral
45,Faysal Bank,Neat & Clean with humble staff.,staff,neutral
45,Faysal Bank,Lazy Staff,staff,neutral
45,Faysal Bank,Good staff,staff,positive
45,Faysal Bank,3 rd class service,service,neutral
