BranchID,Name,review,aspect,sentiment
14,Faysal Bank,"First class service, easy to work with and seamless support/information. Very efficient and effective banking over the years. Utterly amazing staff and bank, highly recommend, needed help Br Manager was very helpful, Thanks.",service,positive
14,Faysal Bank,"First class service, easy to work with and seamless support/information. Very efficient and effective banking over the years. Utterly amazing staff and bank, highly recommend, needed help Br Manager was very helpful, Thanks.",staff,positive
14,Faysal Bank,"First class service, easy to work with and seamless support/information. Very efficient and effective banking over the years. Utterly amazing staff and bank, highly recommend, needed help Br Manager was very helpful, Thanks.",bank,positive
14,Faysal Bank,"Much interesting thing is that they have hidden door, staff is good, service is awesome, however you may have to wait in rush hours",staff,negative
14,Faysal Bank,"Much interesting thing is that they have hidden door, staff is good, service is awesome, however you may have to wait in rush hours",service,negative
14,Faysal Bank,I am using that bank from last 15 years but right now pwd branch is pathetic under the supervision of BM Ahsan. Now moving in some other bank.,bank,neutral
14,Faysal Bank,I am using that bank from last 15 years but right now pwd branch is pathetic under the supervision of BM Ahsan. Now moving in some other bank.,branch,neutral
14,Faysal Bank,I am using that bank from last 15 years but right now pwd branch is pathetic under the supervision of BM Ahsan. Now moving in some other bank.,bank,neutral
14,Faysal Bank,Very poor services,services,negative
14,Faysal Bank,Bad Experience ever staff is pathetic,staff,negative
14,Faysal Bank,Good bank,bank,neutral
14,Faysal Bank,Good services.,services,positive
14,Faysal Bank,Fazool bank,bank,neutral
14,Faysal Bank,Faisal Bank,bank,neutral
