BranchID,Name,review,aspect,sentiment
66,Faysal bank,"Faysal Bank Fatima Jinnah Road is one of the best banks in Quetta city, providing many services such as money transfer, digi banking, and more. It is an Islamic bank, and all its services and duties are according to Islamic principles.",services,neutral
66,Faysal bank,"Faysal Bank Fatima Jinnah Road is one of the best banks in Quetta city, providing many services such as money transfer, digi banking, and more. It is an Islamic bank, and all its services and duties are according to Islamic principles.",bank,neutral
66,Faysal bank,"Faysal Bank Fatima Jinnah Road is one of the best banks in Quetta city, providing many services such as money transfer, digi banking, and more. It is an Islamic bank, and all its services and duties are according to Islamic principles.",services,neutral
66,Faysal bank,"Great branch, lovely environment, and best customer service.",service,positive
