BranchID,Name,review,aspect,sentiment
16,Faysal Bank,Its always good to see the welcoming nature of this branch. I opened my account two years ago and I personally feel they have the best and well trained staff. â€¦,branch,positive
16,Faysal Bank,Its always good to see the welcoming nature of this branch. I opened my account two years ago and I personally feel they have the best and well trained staff. â€¦,account,positive
16,Faysal Bank,Its always good to see the welcoming nature of this branch. I opened my account two years ago and I personally feel they have the best and well trained staff. â€¦,staff,positive
16,Faysal Bank,Very bad service i Go to this bank for account opening I come again and again for 5 days in this bank they didnt open my account they â€¦,bank,neutral
16,Faysal Bank,Very bad service i Go to this bank for account opening I come again and again for 5 days in this bank they didnt open my account they â€¦,bank,neutral
16,Faysal Bank,Very bad service i Go to this bank for account opening I come again and again for 5 days in this bank they didnt open my account they â€¦,account,neutral
16,Faysal Bank,One of the best bank in rwp.,bank,positive
16,Faysal Bank,Bad Experience Bad manager & Bad service Am close my bank account on this branch sham on you,service,neutral
16,Faysal Bank,Bad Experience Bad manager & Bad service Am close my bank account on this branch sham on you,account,neutral
16,Faysal Bank,Bad Experience Bad manager & Bad service Am close my bank account on this branch sham on you,branch,neutral
16,Faysal Bank,Faysal bank branch located in commercial Market,branch,neutral
16,Faysal Bank,"Good staff, nice bnk",staff,positive
16,Faysal Bank,Good bank. Hassle free transactions. Friendly staff.,staff,neutral
16,Faysal Bank,I upon my account 1 months before and still my account not open what a great service I open account hbl bank only 10 days,account,neutral
16,Faysal Bank,This bank is very near from National bank and falcon communication shop,bank,neutral
16,Faysal Bank,This bank is very near from National bank and falcon communication shop,bank,neutral
16,Faysal Bank,They claim to be open on Saturday but the branch only operates on workdays. Otherwise decent.,branch,neutral
16,Faysal Bank,Service is always on point.,service,neutral
16,Faysal Bank,Good bank for transactions,bank,neutral
16,Faysal Bank,Good bank for small transactions,bank,positive
16,Faysal Bank,Good service but very busy branch,service,positive
16,Faysal Bank,Good service but very busy branch,branch,positive
16,Faysal Bank,Overcrowded and very slow service,service,negative
16,Faysal Bank,Staff is cooperative but the branch lacks parking,staff,negative
16,Faysal Bank,Staff is cooperative but the branch lacks parking,branch,negative
16,Faysal Bank,Good banking services and cooperative staff,services,positive
16,Faysal Bank,Good banking services and cooperative staff,staff,positive
16,Faysal Bank,Awesome Staff But limited parking space,staff,neutral
16,Faysal Bank,Good service and very cooperative staff,service,positive
16,Faysal Bank,Good service and very cooperative staff,staff,positive
16,Faysal Bank,Good Bank service,service,neutral
16,Faysal Bank,Fast service,service,neutral
16,Faysal Bank,This branch is very crowded.,branch,neutral
16,Faysal Bank,Good staff and service,staff,positive
16,Faysal Bank,Good staff and service,service,positive
16,Faysal Bank,Good services and cooperative staff,services,neutral
16,Faysal Bank,Good services and cooperative staff,staff,neutral
16,Faysal Bank,It's a good bank but little crowded,bank,neutral
16,Faysal Bank,Awesome staff,staff,neutral
16,Faysal Bank,Very cooperative staff,staff,neutral
16,Faysal Bank,Good customer service,service,positive
16,Faysal Bank,very good and helpful staff,staff,positive
16,Faysal Bank,Good services,services,positive
