BranchID,Name,review,aspect,sentiment
62,Faysal Bank Quetta Cantt Branch code 3144,"This branch of faisal bank has a great location. The staff here is very cooperative and has a sweet demeanor. I really appreciate the staff of Faisal Bank. Additionally, this place is not very busy, so you can easily complete your tasks.",branch,positive
62,Faysal Bank Quetta Cantt Branch code 3144,"This branch of faisal bank has a great location. The staff here is very cooperative and has a sweet demeanor. I really appreciate the staff of Faisal Bank. Additionally, this place is not very busy, so you can easily complete your tasks.",bank,positive
62,Faysal Bank Quetta Cantt Branch code 3144,"This branch of faisal bank has a great location. The staff here is very cooperative and has a sweet demeanor. I really appreciate the staff of Faisal Bank. Additionally, this place is not very busy, so you can easily complete your tasks.",staff,positive
62,Faysal Bank Quetta Cantt Branch code 3144,"This branch of faisal bank has a great location. The staff here is very cooperative and has a sweet demeanor. I really appreciate the staff of Faisal Bank. Additionally, this place is not very busy, so you can easily complete your tasks.",staff,positive
62,Faysal Bank Quetta Cantt Branch code 3144,"This branch of faisal bank has a great location. The staff here is very cooperative and has a sweet demeanor. I really appreciate the staff of Faisal Bank. Additionally, this place is not very busy, so you can easily complete your tasks.",bank,positive
