BranchID,Name,review,aspect,sentiment
15,Faysal Bank,"Certainly the worst bank in town, system not working, don't have enough cash, terrible customer service",bank,negative
15,Faysal Bank,"Certainly the worst bank in town, system not working, don't have enough cash, terrible customer service",service,negative
15,Faysal Bank,Their staff would keep you waited while they would be busy in smoking cigarettes ðŸš¬ â€¦,staff,neutral
15,Faysal Bank,Excelent place and best customer support.,support,positive
15,Faysal Bank,Good ambiance and so much cooperating staff.,staff,positive
15,Faysal Bank,"Efficient and generous staff, keep it up ðŸ‘ â€¦",staff,positive
15,Faysal Bank,Not crowded. Quick service.,service,neutral
15,Faysal Bank,Very bad staff. Not cooperative,staff,negative
15,Faysal Bank,Good Bank,bank,neutral
15,Faysal Bank,Good Service,service,positive
15,Faysal Bank,Ordinary banking service,service,neutral
