BranchID,Name,review,aspect,sentiment
4,Faysal Bank,"Great service for account holders overall but the branch staff is not very capable of technical rush hours, mostly females . â€¦",service,positive
4,Faysal Bank,"Great service for account holders overall but the branch staff is not very capable of technical rush hours, mostly females . â€¦",staff,positive
4,Faysal Bank,"Have always had nothing but excellent service in a comfortable and pleasant atmosphere in this branch! Everyone is always friendly and willing to help, amongst them Ms Shakeela always offers me exceptional - extraordinary customer services. â€¦",service,positive
4,Faysal Bank,"Have always had nothing but excellent service in a comfortable and pleasant atmosphere in this branch! Everyone is always friendly and willing to help, amongst them Ms Shakeela always offers me exceptional - extraordinary customer services. â€¦",branch,positive
4,Faysal Bank,"Have always had nothing but excellent service in a comfortable and pleasant atmosphere in this branch! Everyone is always friendly and willing to help, amongst them Ms Shakeela always offers me exceptional - extraordinary customer services. â€¦",services,positive
4,Faysal Bank,Small Bank. But nice location and staff and environment. You need to go up stairs almost 30 to 40 in number. All type of services of a conventional bank are offered there. You can also â€¦,services,neutral
4,Faysal Bank,Small Bank. But nice location and staff and environment. You need to go up stairs almost 30 to 40 in number. All type of services of a conventional bank are offered there. You can also â€¦,bank,neutral
4,Faysal Bank,Faysal Bank was poineer in some banking practices in Pakistan. Like online branch system. But with the passage of time all other bank have now adopted modern techniques. â€¦,bank,neutral
4,Faysal Bank,Faysal Bank was poineer in some banking practices in Pakistan. Like online branch system. But with the passage of time all other bank have now adopted modern techniques. â€¦,bank,neutral
4,Faysal Bank,"Very poor customer support , mostly female staff around cash counter are talking with each others and customers are suffering alot in this branch â€¦..",staff,negative
4,Faysal Bank,"Very poor customer support , mostly female staff around cash counter are talking with each others and customers are suffering alot in this branch â€¦..",branch,negative
4,Faysal Bank,Good bank but staff in this branch is very lazy.,bank,neutral
4,Faysal Bank,Good bank but staff in this branch is very lazy.,staff,neutral
4,Faysal Bank,Good bank but staff in this branch is very lazy.,branch,neutral
4,Faysal Bank,Good bank,bank,neutral
