BranchID,Name,review,aspect,sentiment
46,Faysal Bank,Good and friendly staff managed by Mr Kashif and Mr Huzaifa,staff,neutral
46,Faysal Bank,"Faysal Bank Gulzar-e-Hijri is a well-maintained and conveniently located bank branch in Karachi. The staff is friendly and helpful, and the services are efficient. I would definitely recommend this branch to anyone looking for a reliable...",branch,positive
46,Faysal Bank,"Faysal Bank Gulzar-e-Hijri is a well-maintained and conveniently located bank branch in Karachi. The staff is friendly and helpful, and the services are efficient. I would definitely recommend this branch to anyone looking for a reliable...",staff,positive
46,Faysal Bank,"Faysal Bank Gulzar-e-Hijri is a well-maintained and conveniently located bank branch in Karachi. The staff is friendly and helpful, and the services are efficient. I would definitely recommend this branch to anyone looking for a reliable...",services,positive
46,Faysal Bank,"Faysal Bank Gulzar-e-Hijri is a well-maintained and conveniently located bank branch in Karachi. The staff is friendly and helpful, and the services are efficient. I would definitely recommend this branch to anyone looking for a reliable...",branch,positive
46,Faysal Bank,Staff is bit lazy,staff,neutral
46,Faysal Bank,"Very weird location. Full dark outside bank at night while there is no proper security in night. In day time, I mostly faced system down error in their ATM.",bank,neutral
46,Faysal Bank,"Very weird location. Full dark outside bank at night while there is no proper security in night. In day time, I mostly faced system down error in their ATM.",security,neutral
46,Faysal Bank,"Very weird location. Full dark outside bank at night while there is no proper security in night. In day time, I mostly faced system down error in their ATM.",atm,neutral
46,Faysal Bank,Bakery services,services,neutral
