BranchID,Name,review,aspect,sentiment
1,Faysal Bank,"3rd class services, no co operative staff, staff is so tired like they are working since long without any break, no one is there to listen, no body address grievance",services,neutral
1,Faysal Bank,"3rd class services, no co operative staff, staff is so tired like they are working since long without any break, no one is there to listen, no body address grievance",staff,neutral
1,Faysal Bank,Third class service They Don't guide you well can't listened costumer Problems Pathetic staff,service,negative
1,Faysal Bank,Very bad experience in dealing over the calls. They do not pick calls and waste a lot of time in customer service. I have their 3 numbers and it becomes a nightmare that I could get connected on any of these numbers. They also not mentioned their numbers in the google profile,service,negative
1,Faysal Bank,"Just amazing. Each n everytime I want to switch banks for the pomp n show of Habib bank ,,,, there staff pulls out something so amazing that Iâ€™m forced to stay as a client. Very helpful, caring and professional. Mr. Dilshad has been such an â€¦",bank,positive
1,Faysal Bank,"Just amazing. Each n everytime I want to switch banks for the pomp n show of Habib bank ,,,, there staff pulls out something so amazing that Iâ€™m forced to stay as a client. Very helpful, caring and professional. Mr. Dilshad has been such an â€¦",staff,positive
1,Faysal Bank,I am account holder of the same branch. Very very slow service they have. Very rude and unprofessional behaving staff they have. I think i had made a mistake for opening my savings account here in the same branch.,branch,negative
1,Faysal Bank,I am account holder of the same branch. Very very slow service they have. Very rude and unprofessional behaving staff they have. I think i had made a mistake for opening my savings account here in the same branch.,service,negative
1,Faysal Bank,I am account holder of the same branch. Very very slow service they have. Very rude and unprofessional behaving staff they have. I think i had made a mistake for opening my savings account here in the same branch.,staff,negative
1,Faysal Bank,I am account holder of the same branch. Very very slow service they have. Very rude and unprofessional behaving staff they have. I think i had made a mistake for opening my savings account here in the same branch.,account,negative
1,Faysal Bank,I am account holder of the same branch. Very very slow service they have. Very rude and unprofessional behaving staff they have. I think i had made a mistake for opening my savings account here in the same branch.,branch,negative
1,Faysal Bank,Most pathetic and non professional service from this branch!,service,neutral
1,Faysal Bank,Most pathetic and non professional service from this branch!,branch,neutral
1,Faysal Bank,Full service branch offering banking services and solutions to private and corporate clients.,branch,neutral
1,Faysal Bank,Full service branch offering banking services and solutions to private and corporate clients.,services,neutral
1,Faysal Bank,LAZY employees. Worst bank service.,service,neutral
1,Faysal Bank,faysal bank is famous in job crowds of Islamabad,bank,neutral
1,Faysal Bank,Good Bank,bank,neutral
1,Faysal Bank,The shitiest service ever by a bank,service,neutral
1,Faysal Bank,The shitiest service ever by a bank,bank,neutral
1,Faysal Bank,Fast service,service,neutral
1,Faysal Bank,Quality services,services,positive
1,Faysal Bank,Very bad experience. Staff is very slow. System doesn't work.They take ages to update their information.,staff,negative
1,Faysal Bank,Batamiz staff Since last 3 years these token machines are doing less than THK. There is a miss printing on the token number due to which the token number is not read. Or â€¦,staff,negative
