BranchID,Name,review,aspect,sentiment
47,Faysal Bank,Very poor customer satisfaction. Always have problems with reaching the helpline. Always busy phone officers. Worst ever application for online banking. You would have entered exact phone number when making your account in their app and...,account,negative
47,Faysal Bank,I am really disappointed with Faysal Bank. They deducted the bank charges from my client's payment and returned it back to him. Pathetic!,bank,negative
47,Faysal Bank,I am really disappointed with Faysal Bank. They deducted the bank charges from my client's payment and returned it back to him. Pathetic!,payment,negative
47,Faysal Bank,Don't waste your time at this bloody branch of Faysal bank. All they've got is a mere bloody cash counter which takes forever to clear up.,branch,neutral
47,Faysal Bank,Don't waste your time at this bloody branch of Faysal bank. All they've got is a mere bloody cash counter which takes forever to clear up.,bank,neutral
