BranchID,Name,review,aspect,sentiment
64,Faysal Bank,Service is very slow.,service,negative
64,Faysal Bank,"Their ATM service never works. I visited their ATM machine, and the transaction failed (balance also deducted). I don't recommend using their ATM or other services.",service,neutral
64,Faysal Bank,"Their ATM service never works. I visited their ATM machine, and the transaction failed (balance also deducted). I don't recommend using their ATM or other services.",atm,neutral
64,Faysal Bank,"Their ATM service never works. I visited their ATM machine, and the transaction failed (balance also deducted). I don't recommend using their ATM or other services.",services,neutral
64,Faysal Bank,Good atmosphere and well-trained staff.,staff,positive
64,Faysal Bank,ATM is always functional.,atm,neutral
64,Faysal Bank,Nice bank.,bank,neutral
