BranchID,Name,review,aspect,sentiment
54,Faysal Bank Ltd. (FBL),"Good bank, helpful staff compared to other Pakistani banks",staff,neutral
54,Faysal Bank Ltd. (FBL),Totally worst customer service 😡 No manners. Customer dealing is too bad.,service,negative
54,Faysal Bank Ltd. (FBL),Poor customer service and extremely poor online banking. Terrible experience for someone who is used to banking internationally.,service,negative
54,Faysal Bank Ltd. (FBL),3rd class service,service,neutral
54,Faysal Bank Ltd. (FBL),Hard working staff,staff,neutral
54,Faysal Bank Ltd. (FBL),Khurrum Sajjad customer service is the best. He is doing his best to satisfy customer needs.,service,positive
54,Faysal Bank Ltd. (FBL),The staff available over the counter was helpful.,staff,positive
54,Faysal Bank Ltd. (FBL),Services are easy and no call is made.,services,neutral
54,Faysal Bank Ltd. (FBL),Best Islamic Bank of Pakistan,bank,neutral
54,Faysal Bank Ltd. (FBL),Faysal bank is one of the pathetic banks in Pakistan with pathetic staff and other issues.,bank,negative
54,Faysal Bank Ltd. (FBL),Faysal bank is one of the pathetic banks in Pakistan with pathetic staff and other issues.,staff,negative
54,Faysal Bank Ltd. (FBL),Bank,bank,neutral
54,Faysal Bank Ltd. (FBL),"Poor customer service, unethical, non-professional staff",staff,negative
54,Faysal Bank Ltd. (FBL),Needs improvements for customer support departments. Continuously calling but no answer from the branch.,branch,positive
54,Faysal Bank Ltd. (FBL),So waste of time here. Service is very slow. All staff suited and booted well but don’t know how to work.,service,negative
54,Faysal Bank Ltd. (FBL),So waste of time here. Service is very slow. All staff suited and booted well but don’t know how to work.,staff,negative
54,Faysal Bank Ltd. (FBL),"Faysal Bank Marriott Hotel branch has a beautiful building but unfortunately, the most unprofessional staff. I went there to get cash from a cheque on Friday, February 15. There were 6 or 7 counters but only 2 or 3 staff were there.",branch,neutral
54,Faysal Bank Ltd. (FBL),"Faysal Bank Marriott Hotel branch has a beautiful building but unfortunately, the most unprofessional staff. I went there to get cash from a cheque on Friday, February 15. There were 6 or 7 counters but only 2 or 3 staff were there.",staff,neutral
54,Faysal Bank Ltd. (FBL),Bank anywhere but here. You can't transfer funds internationally through e-banking. Unheard of.,bank,neutral
