BranchID,Name,review,aspect,sentiment
48,Faysal house,A nice Infrastructure adding modernity and elegance to the limited skyline and deteriorating structures in Karachi. The building houses Head office of Faisal Bank. The bluetinted glass facade makes it very attractive.,bank,positive
48,Faysal house,Shame of Customer service from (Sheena Naz) Abdullah Haroon Branch Karachi. I have submitted an application 9th Feb 2024. The Verification process can't be completed right now! Till 23rd Feb 2024.,service,neutral
48,Faysal house,"One of the bad service providers bank I ever experienced, I did mistake to open RDA with them, every time I am trying to transfer the funds it took 4 to 7 working days and no one responding when we need to trace our transaction, every time the staff would say 'system is down' or 'the person in charge is not available'.",bank,neutral
48,Faysal house,"One of the bad service providers bank I ever experienced, I did mistake to open RDA with them, every time I am trying to transfer the funds it took 4 to 7 working days and no one responding when we need to trace our transaction, every time the staff would say 'system is down' or 'the person in charge is not available'.",staff,neutral
48,Faysal house,"Pathetic and ill-professional bank. I would not recommend anybody to use their services, specifically credit products like credit cards. They charge fake amounts, don’t reverse amounts if pending at the bank’s end.",services,neutral
48,Faysal house,"It's the head office of Faysal Bank consisting of 10 floors, along with the main branch on the ground floor, parking is available for customers.",bank,neutral
48,Faysal house,"It's the head office of Faysal Bank consisting of 10 floors, along with the main branch on the ground floor, parking is available for customers.",branch,neutral
48,Faysal house,"Dear All, Because we provide quality services, we improve productivity and build one team through a social gathering. Our business is built on a strong tradition of trust. Best regards.",services,positive
48,Faysal house,"The customer service is terrible. Took two different branch visits to get a simple withdrawal completed. The whole ordeal took around 2 hours, jumping between branches! Also, no SOPs are observed at this location including the branch manager...",service,negative
48,Faysal house,"*****Beware of banking vultures***** Worst bank to deal with in Pakistan, especially in checking and leasing accounts. Staff is ill-mannered and very unsupportive and they will linger your banking legitimate needs and try to squeeze any money you...",staff,negative
48,Faysal house,"One of the most beautiful and attractive buildings situated on one of the beautiful roads of Karachi, Shahrah-e-Faisal. I usually see this beautiful building on a daily basis when I go to my office and university and always feel pleasure while seeing this beautiful corporate building. It is the head office of Faisal bank limited.",bank,neutral
48,Faysal house,"Very pathetic service. Staff are not well aware. After 5 years, I visited, and my biometric was not accepted by the reader. I have a valid ATM. As per them, they issued a new one, but no one is sure where it is. I tried calling the helpline, they didn't answer.",staff,neutral
48,Faysal house,"Very pathetic service. Staff are not well aware. After 5 years, I visited, and my biometric was not accepted by the reader. I have a valid ATM. As per them, they issued a new one, but no one is sure where it is. I tried calling the helpline, they didn't answer.",atm,neutral
48,Faysal house,"What good is a building, and what purpose does it serve when the service is so pathetic? I have such a bad experience with Faysal Bank that I used to think it’s just a third-rated poor bank.",service,neutral
48,Faysal house,"What good is a building, and what purpose does it serve when the service is so pathetic? I have such a bad experience with Faysal Bank that I used to think it’s just a third-rated poor bank.",bank,neutral
48,Faysal house,"What good is a building, and what purpose does it serve when the service is so pathetic? I have such a bad experience with Faysal Bank that I used to think it’s just a third-rated poor bank.",bank,neutral
48,Faysal house,"My brother booked a car with Bahria Town Phase 7 branch, almost 75 days ago. He provided all documents asked by the manager and deposited a down payment of Rs. 352000, but the bank staff, a bunch of liars, keeps promising to deliver the car next day, but we haven’t received it yet.",branch,neutral
48,Faysal house,"My brother booked a car with Bahria Town Phase 7 branch, almost 75 days ago. He provided all documents asked by the manager and deposited a down payment of Rs. 352000, but the bank staff, a bunch of liars, keeps promising to deliver the car next day, but we haven’t received it yet.",payment,neutral
48,Faysal house,"My brother booked a car with Bahria Town Phase 7 branch, almost 75 days ago. He provided all documents asked by the manager and deposited a down payment of Rs. 352000, but the bank staff, a bunch of liars, keeps promising to deliver the car next day, but we haven’t received it yet.",staff,neutral
48,Faysal house,"Never lease anything from Faysal Bank, worst procedures. Too many extra charges, worst delivery. The showroom doesn’t bother with Faysal Bank. Poor management of installment. High fines or hidden fines on installments when clearing...",bank,negative
48,Faysal house,"It's Head Office of Faysal Bank situated at Shahrah-e-Faisal, one of the busiest and main roads of Karachi.",bank,neutral
48,Faysal house,Great working environment. Location is good. Not too rushed up. Parking is not available for lower staff but there are alternative options.,staff,positive
48,Faysal house,"Rubbish and poor services, I have 2 bank accounts with them, and the software they have can access the account with the CNIC number only, and it was showing only 1 account to them. They can't retrieve the details with the bank account number.",account,neutral
48,Faysal house,"Truly purpose-built building for commercial & financial business. Drive-through parking is good, security is really good, very convenient on the go.",security,positive
48,Faysal house,"Corporate level banking, overall good services.",services,positive
48,Faysal house,"Very poor banking. I'm afraid, please I ask others to think twice before opening or dealing with these crooks. Staff is very unprofessional, and the environment is very bad, especially in their head office.",staff,negative
48,Faysal house,"Worst bank ever. If it was possible to rate below 1, I would have chosen that.",bank,neutral
48,Faysal house,Nice bank with professional attitude. Nice modern building.,bank,positive
48,Faysal house,Faisal bank is an Islamic and awesome banking service for middle class people and support,bank,neutral
48,Faysal house,Faisal bank is an Islamic and awesome banking service for middle class people and support,service,neutral
48,Faysal house,Their customer service is pathetic... call center people have no training,service,neutral
48,Faysal house,"Very poor service. All the time when I call, the phone ends automatically",service,negative
48,Faysal house,Worst bank in Pakistan. Would never recommend anyone for this bank. Very disgusting.,bank,neutral
48,Faysal house,Worst bank in Pakistan. Would never recommend anyone for this bank. Very disgusting.,bank,neutral
48,Faysal house,Third-class service in automobile/mortgage department,service,neutral
48,Faysal house,Cooperative staff that follows up with you,staff,neutral
48,Faysal house,Multinational bank offering banking services,bank,neutral
48,Faysal house,Multinational bank offering banking services,services,neutral
48,Faysal house,I hate banking at Faysal bank due to their services,bank,neutral
48,Faysal house,I hate banking at Faysal bank due to their services,services,neutral
48,Faysal house,Nice bank,bank,neutral
48,Faysal house,Head office of Faysal Bank,bank,neutral
48,Faysal house,Best Islamic Bank,bank,neutral
48,Faysal house,Brilliant services,services,neutral
48,Faysal house,Nice bank,bank,neutral
48,Faysal house,Bank,bank,neutral
48,Faysal house,Poor service,service,negative
