BranchID,Name,review,aspect,sentiment
60,Faysal Bank Khada Market Branch,Very slow service,service,negative
60,Faysal Bank Khada Market Branch,Worst service that you can expect. They have to hire professional people behind the cash counters and train staff to guide and facilitate their customers.,service,neutral
60,Faysal Bank Khada Market Branch,Worst service that you can expect. They have to hire professional people behind the cash counters and train staff to guide and facilitate their customers.,staff,neutral
60,Faysal Bank Khada Market Branch,Good branch and staff. Keep moving 👍,branch,positive
60,Faysal Bank Khada Market Branch,Good branch and staff. Keep moving 👍,staff,positive
60,Faysal Bank Khada Market Branch,It's Faysal Bank Khada Market Branch,branch,neutral
60,Faysal Bank Khada Market Branch,Good staff,staff,positive
60,Faysal Bank Khada Market Branch,Faysal Bank,bank,neutral
