BranchID,Name,review,aspect,sentiment
12,Faysal Bank,Very professional staff,staff,neutral
12,Faysal Bank,Always a good experience. Efficient staff.,staff,positive
12,Faysal Bank,Its a private bank so obviously the customer service level was up to the mark.,bank,neutral
12,Faysal Bank,"Spacious Space for Parking , Cooperative Staff",staff,neutral
12,Faysal Bank,Staff behaviour is good,behaviour,positive
12,Faysal Bank,Good service....,service,positive
12,Faysal Bank,Fast services,services,neutral
