BranchID,Name,review,aspect,sentiment
58,Faysal Bank block 8 Clifton branch,"Worst bank, poorest branch, unprofessional staff. Account closing application still pending since 25 June 2025.",staff,negative
58,Faysal Bank block 8 Clifton branch,Good bank but they suddenly give you a shocking message that your account has been blocked after having all my details. They say we blocked your account because of incorrect details.,bank,negative
58,Faysal Bank block 8 Clifton branch,Good bank but they suddenly give you a shocking message that your account has been blocked after having all my details. They say we blocked your account because of incorrect details.,account,negative
58,Faysal Bank block 8 Clifton branch,Good bank but they suddenly give you a shocking message that your account has been blocked after having all my details. They say we blocked your account because of incorrect details.,account,negative
58,Faysal Bank block 8 Clifton branch,Very rude staff. Disrespectful to customers.,staff,neutral
58,Faysal Bank block 8 Clifton branch,This is the best Faysal Bank branch. Provides good services at all times.,branch,positive
58,Faysal Bank block 8 Clifton branch,This is the best Faysal Bank branch. Provides good services at all times.,services,positive
58,Faysal Bank block 8 Clifton branch,Professional staff.,staff,neutral
58,Faysal Bank block 8 Clifton branch,Nice bank,bank,neutral
58,Faysal Bank block 8 Clifton branch,Good branch,branch,positive
