BranchID,Name,review,aspect,sentiment
44,Faysal Bank,The staff eas very unprofessional. They were busy talking and laughing instead of doing their job. The Bank has seats for 5-6 people and is Air conditioned. Only if the staff gets better this bank has potential,bank,neutral
44,Faysal Bank,The staff eas very unprofessional. They were busy talking and laughing instead of doing their job. The Bank has seats for 5-6 people and is Air conditioned. Only if the staff gets better this bank has potential,staff,neutral
44,Faysal Bank,The staff eas very unprofessional. They were busy talking and laughing instead of doing their job. The Bank has seats for 5-6 people and is Air conditioned. Only if the staff gets better this bank has potential,bank,neutral
44,Faysal Bank,Very poor performance bank and unprofessional staff.,bank,negative
44,Faysal Bank,Very poor performance bank and unprofessional staff.,staff,negative
44,Faysal Bank,Faysal Bank comes with great banking services. With the office ambiance at Marriott and at Shahrah e Faisal are just amazing.,bank,positive
44,Faysal Bank,Faysal Bank comes with great banking services. With the office ambiance at Marriott and at Shahrah e Faisal are just amazing.,services,positive
44,Faysal Bank,"Very poor service, having very bad my first experience with Faysal bank.",service,negative
44,Faysal Bank,"Very poor service, having very bad my first experience with Faysal bank.",bank,negative
44,Faysal Bank,Very maintained in model colony. But they have little staff. Good services.,services,neutral
44,Faysal Bank,Very very very bad and third class costumer service very bad staff and things are very unapropriate and very bad and exosed,service,negative
44,Faysal Bank,Very very very bad and third class costumer service very bad staff and things are very unapropriate and very bad and exosed,staff,negative
44,Faysal Bank,Staff need to be more professional,staff,neutral
44,Faysal Bank,Need improvement...slow service,service,positive
44,Faysal Bank,My bank is very useless right now because it has been 3 months since I opened my account and it is very slow service.,bank,negative
44,Faysal Bank,My bank is very useless right now because it has been 3 months since I opened my account and it is very slow service.,account,negative
44,Faysal Bank,My bank is very useless right now because it has been 3 months since I opened my account and it is very slow service.,service,negative
