BranchID,Name,review,aspect,sentiment
9,Faysal Bank,"Pathetic service at their counters, I had to pay my fees and it took me 30 minutes as there was only one counter working. One of the prime location of Islamabad and they dont even have the proper staff to entertain customers.",service,neutral
9,Faysal Bank,"Pathetic service at their counters, I had to pay my fees and it took me 30 minutes as there was only one counter working. One of the prime location of Islamabad and they dont even have the proper staff to entertain customers.",staff,neutral
9,Faysal Bank,I have very good experience at faysal bank f8 markaz. Staff is very good. I try to visit this bank for my credit card bill and utility bills. Service is very speedy and of good quality,staff,positive
9,Faysal Bank,I have very good experience at faysal bank f8 markaz. Staff is very good. I try to visit this bank for my credit card bill and utility bills. Service is very speedy and of good quality,bank,positive
9,Faysal Bank,I have very good experience at faysal bank f8 markaz. Staff is very good. I try to visit this bank for my credit card bill and utility bills. Service is very speedy and of good quality,service,positive
9,Faysal Bank,Absolutely lousy service. Be prepared for a long wait once you get a token. They've got 4 counters to deal with customers and usually one or maximum two work at any given time.,service,neutral
9,Faysal Bank,"Good service , open on Saturday",service,neutral
9,Faysal Bank,"Even i selected ATM card, they didn't create it for me at the time of new account. Totally unprofessional and ruined the purpose of account.",account,neutral
9,Faysal Bank,"Even i selected ATM card, they didn't create it for me at the time of new account. Totally unprofessional and ruined the purpose of account.",account,neutral
9,Faysal Bank,This branch is been closed but Faisal Bank didn't update so it's my suggestion if you're going to Faisal Bank visit it's G-9 branch.,branch,neutral
9,Faysal Bank,This branch is been closed but Faisal Bank didn't update so it's my suggestion if you're going to Faisal Bank visit it's G-9 branch.,bank,neutral
9,Faysal Bank,This branch is been closed but Faisal Bank didn't update so it's my suggestion if you're going to Faisal Bank visit it's G-9 branch.,bank,neutral
9,Faysal Bank,This branch is been closed but Faisal Bank didn't update so it's my suggestion if you're going to Faisal Bank visit it's G-9 branch.,branch,neutral
9,Faysal Bank,Nice staff Good public dealing,staff,positive
9,Faysal Bank,"Good branch, staff is courteous & cooperative",staff,neutral
9,Faysal Bank,This branch is closed now today due to COVID,branch,neutral
9,Faysal Bank,Poor service,service,negative
9,Faysal Bank,Average service,service,neutral
9,Faysal Bank,Low rating bank,bank,negative
9,Faysal Bank,Bank,bank,neutral
