BranchID,Name,review,aspect,sentiment
3,Faysal Bank,This bank process faster compared to others. Customer service was also very responsive. Their employee Rashid was in contact on whatsapp and responds within less than a â€¦,service,positive
3,Faysal Bank,Went there to have my dormant account re activated. The lady handling my case wasn't polite. Asked for unnecessary documentation. Didn't accept soft copies and for printing hard copies i was told to find a net cafe and print there. Took â€¦,account,neutral
3,Faysal Bank,"The lady was very polite and didn't ask for unnecessary documentation to open my account. Most of times, freelancer face this issue of documentation. â€¦",account,neutral
3,Faysal Bank,My account was opened with invalid email id ( a typo from bank staff) and later on I was asked to submit record update application. Even after my application they dint update email id for 4 months. PATHETIC CUSTOMER SERVICE.,account,neutral
3,Faysal Bank,My account was opened with invalid email id ( a typo from bank staff) and later on I was asked to submit record update application. Even after my application they dint update email id for 4 months. PATHETIC CUSTOMER SERVICE.,staff,neutral
3,Faysal Bank,My account was opened with invalid email id ( a typo from bank staff) and later on I was asked to submit record update application. Even after my application they dint update email id for 4 months. PATHETIC CUSTOMER SERVICE.,service,neutral
3,Faysal Bank,Customer service representative never picks the call. Worst bank ever to use,bank,neutral
3,Faysal Bank,The branch iis saturday off,branch,neutral
3,Faysal Bank,Very slow staff.,staff,neutral
3,Faysal Bank,Good branch,branch,positive
