BranchID,Name,review,aspect,sentiment
7,Faysal Bank Ltd 0332,Service is just ok... Most of the time it is too slow... Phone does not work. staff are ok. Not an extraordinary bank to go and visit and open an account.,service,neutral
7,Faysal Bank Ltd 0332,Service is just ok... Most of the time it is too slow... Phone does not work. staff are ok. Not an extraordinary bank to go and visit and open an account.,staff,neutral
7,Faysal Bank Ltd 0332,Service is just ok... Most of the time it is too slow... Phone does not work. staff are ok. Not an extraordinary bank to go and visit and open an account.,bank,neutral
7,Faysal Bank Ltd 0332,Service is just ok... Most of the time it is too slow... Phone does not work. staff are ok. Not an extraordinary bank to go and visit and open an account.,account,neutral
7,Faysal Bank Ltd 0332,Sab sa ghatia bank with highly non-cooperative staff. Not recommended at all.,bank,neutral
7,Faysal Bank Ltd 0332,Sab sa ghatia bank with highly non-cooperative staff. Not recommended at all.,staff,neutral
7,Faysal Bank Ltd 0332,No customer service at all nobody bothered to answer phone,service,neutral
7,Faysal Bank Ltd 0332,Poor customer service,service,negative
7,Faysal Bank Ltd 0332,Good services .,services,positive
7,Faysal Bank Ltd 0332,Adjacent with Faisal Islamic bank,bank,neutral
7,Faysal Bank Ltd 0332,Has an ATM,atm,neutral
