BranchID,Name,review,aspect,sentiment
55,Faysal Bank,"Today, at around 4:30 pm, I went to Faysal Bank DHA Phase 8 branch with a 500K cheque to draw cash (token # 165). When I went to the cash counter, the guy said they don't have cash. We spoke to Mr. Danish, a senior executive in the bank.",branch,neutral
55,Faysal Bank,"Today, at around 4:30 pm, I went to Faysal Bank DHA Phase 8 branch with a 500K cheque to draw cash (token # 165). When I went to the cash counter, the guy said they don't have cash. We spoke to Mr. Danish, a senior executive in the bank.",bank,neutral
55,Faysal Bank,"Walking towards the entrance of the bank, I was rudely stopped by the guard, stating to wear my mask. To my surprise, the guard was not wearing a mask himself. I appreciate the reminder, as I took my mask out and put it on.",bank,neutral
55,Faysal Bank,"Online banking, investment, ATM, current and saving account utilities, bills accepted, nice structure of bank",atm,neutral
55,Faysal Bank,"Online banking, investment, ATM, current and saving account utilities, bills accepted, nice structure of bank",bank,neutral
55,Faysal Bank,Good bank with very professional staff.,bank,positive
55,Faysal Bank,Good bank with very professional staff.,staff,positive
55,Faysal Bank,"I went there but the bank was closed, no information on the website. It showed the bank was open.",bank,neutral
55,Faysal Bank,"I went there but the bank was closed, no information on the website. It showed the bank was open.",bank,neutral
55,Faysal Bank,Non-professional staff. Highly need how to treat visitors.,staff,neutral
55,Faysal Bank,Nice bank but irresponsible staff.,staff,negative
55,Faysal Bank,Good services,services,positive
