BranchID,Name,review,aspect,sentiment
61,"Faysal Bank Limited, Ibb Bahria Town","FBL Bahria branch service is extremely good. The manager Tanveer sb. is a very kind and helpful person. In fact, the branch is doing superb just because of their manager.",service,positive
61,"Faysal Bank Limited, Ibb Bahria Town","FBL Bahria branch service is extremely good. The manager Tanveer sb. is a very kind and helpful person. In fact, the branch is doing superb just because of their manager.",branch,positive
61,"Faysal Bank Limited, Ibb Bahria Town","Good bank, nice cooperative staff.",staff,positive
61,"Faysal Bank Limited, Ibb Bahria Town","Very small counter area, service is acceptable.",service,neutral
61,"Faysal Bank Limited, Ibb Bahria Town",Good banking services,services,positive
61,"Faysal Bank Limited, Ibb Bahria Town",Good service,service,positive
