BranchID,Name,review,aspect,sentiment
6,Faysal Bank Limited,They don't pick your phone call! For God's sake I have deposited my money in your bank! You people need to pay some respect to your customers! I am just disappointed in Faysal Bank! They are unable to solve my virtual card issue since a month and now G11 branch  is not even picking phone call! To whom do you complain here?,bank,negative
6,Faysal Bank Limited,They don't pick your phone call! For God's sake I have deposited my money in your bank! You people need to pay some respect to your customers! I am just disappointed in Faysal Bank! They are unable to solve my virtual card issue since a month and now G11 branch  is not even picking phone call! To whom do you complain here?,bank,negative
6,Faysal Bank Limited,They don't pick your phone call! For God's sake I have deposited my money in your bank! You people need to pay some respect to your customers! I am just disappointed in Faysal Bank! They are unable to solve my virtual card issue since a month and now G11 branch  is not even picking phone call! To whom do you complain here?,branch,negative
6,Faysal Bank Limited,ATM temporarily out of service. But no board or signage report it being temporarily down/ out of order.,service,neutral
6,Faysal Bank Limited,Worst kind of customer service at this branch. No one will be there to entertain your querry. No one picks up the call.,service,neutral
6,Faysal Bank Limited,Worst kind of customer service at this branch. No one will be there to entertain your querry. No one picks up the call.,branch,neutral
6,Faysal Bank Limited,One of the leading bank in Pakistan.,bank,neutral
6,Faysal Bank Limited,Good staff corporative,staff,neutral
6,Faysal Bank Limited,Average services,services,neutral
