BranchID,Name,review,aspect,sentiment
53,Faysal Bank,"Worse staff. Cashier gives services without a number, causing language benefit issues.",services,negative
53,Faysal Bank,"Very poor service. We have to wait for hours to get our number. They have complete staff, but mostly they provide services from only one counter. I really hate unnecessary waiting.",staff,negative
53,Faysal Bank,"Very poor service. We have to wait for hours to get our number. They have complete staff, but mostly they provide services from only one counter. I really hate unnecessary waiting.",services,negative
53,Faysal Bank,"First time the service was great, but the next time I received very little service. Inconsistency is all I can say.",service,positive
53,Faysal Bank,Cheap staff,staff,neutral
53,Faysal Bank,Very poor service and terrible staff. Horrible management.,service,negative
53,Faysal Bank,Good service and customer-friendly. Nice building.,service,positive
53,Faysal Bank,Very slow staff,staff,neutral
53,Faysal Bank,Very fast service,service,positive
53,Faysal Bank,A well-managed bank in Korangi,bank,positive
