BranchID,Name,review,aspect,sentiment
52,Faysal Bank KAECHS branch,Bad experience at Faisal bank KAECHS branch. Only one cash counter operational out of three. The other staff was all absent. Long waiting lines and extremely slow service.,branch,negative
52,Faysal Bank KAECHS branch,Bad experience at Faisal bank KAECHS branch. Only one cash counter operational out of three. The other staff was all absent. Long waiting lines and extremely slow service.,staff,negative
52,Faysal Bank KAECHS branch,The guard is telling us to go somewhere else. We are closing the ATM.,atm,neutral
52,Faysal Bank KAECHS branch,This branch remains closed on Saturdays.,branch,neutral
52,Faysal Bank KAECHS branch,Nice bank,bank,neutral
52,Faysal Bank KAECHS branch,Cooperative staff,staff,neutral
