BranchID,Name,review,aspect,sentiment
2,Faysal Bank Ltd,Sad little branch with 1 counter working. Don't go here.,branch,neutral
2,Faysal Bank Ltd,"Poor service; went to open a new bank account and I had to visit back again because the Bank representative forgot to complete some essential documentation. Further, they were supposed to email me details of their new product which were not send as committed by them.",service,neutral
2,Faysal Bank Ltd,"Poor service; went to open a new bank account and I had to visit back again because the Bank representative forgot to complete some essential documentation. Further, they were supposed to email me details of their new product which were not send as committed by them.",account,neutral
2,Faysal Bank Ltd,They deactivated my account and now not reactivating it. i have submitted my application and they are not responding... and my money is stuck,account,neutral
2,Faysal Bank Ltd,On the back end of market so better be careful using ATM in after hours though some restaurants are there still better use it during day light,atm,neutral
2,Faysal Bank Ltd,Rude behaviour of relationship manager,behaviour,neutral
2,Faysal Bank Ltd,Nice bank,bank,neutral
2,Faysal Bank Ltd,Good bank,bank,neutral
2,Faysal Bank Ltd,Good Service with Atm,service,positive
2,Faysal Bank Ltd,Good Service with Atm,atm,positive
2,Faysal Bank Ltd,pathetic services,services,neutral
2,Faysal Bank Ltd,"Pakistan's Sabsay Ghatay Bank and same Iski App also Ghatya, no call to any bank main has been made, no information has been useful, no solution to Inkay Pass account problem, WhatsApp has also become a fool, only for following people, reply has never come.",bank,neutral
2,Faysal Bank Ltd,Faisal bank,bank,neutral
