BranchID,Name,review,aspect,sentiment
50,Faysal Bank,"The only reason for rating it well is the convenience I have with respect to location. Else, nothing exceptional about the overall banking services",services,neutral
50,Faysal Bank,"Although Faisal bank does not have many operational branches in Karachi, it has a good name in the banking sector. That branch of Faisal bank is easy to reach and easy to search in Google Maps. Parking is on the road, which is sometimes unsafe when you are with children. Service is fast, and the staff is very cooperative.",bank,positive
50,Faysal Bank,"Although Faisal bank does not have many operational branches in Karachi, it has a good name in the banking sector. That branch of Faisal bank is easy to reach and easy to search in Google Maps. Parking is on the road, which is sometimes unsafe when you are with children. Service is fast, and the staff is very cooperative.",branch,positive
50,Faysal Bank,"Although Faisal bank does not have many operational branches in Karachi, it has a good name in the banking sector. That branch of Faisal bank is easy to reach and easy to search in Google Maps. Parking is on the road, which is sometimes unsafe when you are with children. Service is fast, and the staff is very cooperative.",bank,positive
50,Faysal Bank,"Although Faisal bank does not have many operational branches in Karachi, it has a good name in the banking sector. That branch of Faisal bank is easy to reach and easy to search in Google Maps. Parking is on the road, which is sometimes unsafe when you are with children. Service is fast, and the staff is very cooperative.",service,positive
50,Faysal Bank,"Although Faisal bank does not have many operational branches in Karachi, it has a good name in the banking sector. That branch of Faisal bank is easy to reach and easy to search in Google Maps. Parking is on the road, which is sometimes unsafe when you are with children. Service is fast, and the staff is very cooperative.",staff,positive
50,Faysal Bank,"Went there in 45-degree temperature, only to find out that there were no deposit slips in the whole branch. I was asked to search for it myself and there was not a single deposit slip in the whole branch.",branch,neutral
50,Faysal Bank,"Went there in 45-degree temperature, only to find out that there were no deposit slips in the whole branch. I was asked to search for it myself and there was not a single deposit slip in the whole branch.",branch,neutral
50,Faysal Bank,Nice service by Faysal bank,service,neutral
50,Faysal Bank,Nice service by Faysal bank,bank,neutral
50,Faysal Bank,🏦 Bank,bank,neutral
50,Faysal Bank,Average services,services,neutral
